Date,Count,Price,Points change,Percentage changed,Volume,Open,Close,Low-Range,High-range
01/03/2021 11:05:12,50.0,36.90,1.06,2.96,422.3,36.8,35.84,36.4493,37.65,
01/03/2021 11:10:08,51.0,37.00,1.16,3.24,436,36.8,35.84,36.4493,37.65,
01/03/2021 11:15:11,51.0,36.80,0.96,2.66,504.55,36.8,35.84,36.24,37.65,
01/03/2021 11:20:13,51.0,36.69,0.85,2.37,517.6,36.8,35.84,36.24,37.65,
01/03/2021 11:25:07,51.0,36.78,0.94,2.62,532.09,36.8,35.84,36.24,37.65,
01/03/2021 11:30:08,51.0,36.73,0.89,2.48,576.78,36.8,35.84,36.24,37.65,
01/03/2021 11:35:08,51.0,36.83,0.99,2.76,597.57,36.8,35.84,36.24,37.65,
01/03/2021 11:40:08,51.0,36.84,1.00,2.79,606.26,36.8,35.84,36.24,37.65,
01/03/2021 11:45:12,51.0,36.93,1.09,3.04,617.38,36.8,35.84,36.24,37.65,
01/03/2021 11:50:08,51.0,36.95,1.11,3.09,637.12,36.8,35.84,36.24,37.65,
01/03/2021 11:55:10,51.0,36.99,1.15,3.21,652.89,36.8,35.84,36.24,37.65,
01/03/2021 12:00:10,51.0,36.85,1.01,2.82,665.14,36.8,35.84,36.24,37.65,
01/03/2021 12:05:22,51.0,36.86,1.02,2.85,675.9,36.8,35.84,36.24,37.65,
01/03/2021 12:10:13,51.0,37.03,1.19,3.32,686.75,36.8,35.84,36.24,37.65,
01/03/2021 12:15:18,51.0,36.99,1.15,3.21,709.25,36.8,35.84,36.24,37.65,
01/03/2021 12:20:16,51.0,36.76,0.92,2.56,726.16,36.8,35.84,36.24,37.65,
01/03/2021 12:25:07,51.0,36.85,1.01,2.82,735.12,36.8,35.84,36.24,37.65,
01/03/2021 12:30:09,51.0,36.75,0.91,2.54,762,36.8,35.84,36.24,37.65,
01/03/2021 12:35:10,51.0,36.77,0.93,2.59,765.65,36.8,35.84,36.24,37.65,
01/03/2021 12:40:10,51.0,36.78,0.94,2.62,770.85,36.8,35.84,36.24,37.65,
01/03/2021 12:45:19,51.0,36.70,0.86,2.40,777.49,36.8,35.84,36.24,37.65,
01/03/2021 12:50:13,51.0,36.76,0.92,2.57,785.08,36.8,35.84,36.24,37.65,
01/03/2021 12:55:17,51.0,36.60,0.76,2.12,798.19,36.8,35.84,36.24,37.65,
01/03/2021 13:00:14,51.0,36.40,0.56,1.56,815.31,36.8,35.84,36.24,37.65,
01/03/2021 13:05:11,51.0,36.48,0.64,1.78,830.29,36.8,35.84,36.24,37.65,
01/03/2021 13:10:17,51.0,36.53,0.69,1.93,844.7,36.8,35.84,36.24,37.65,
01/03/2021 13:15:08,51.0,36.50,0.66,1.83,868.92,36.8,35.84,36.24,37.65,
01/03/2021 13:20:11,51.0,36.51,0.67,1.87,886.7,36.8,35.84,36.24,37.65,
01/03/2021 13:25:07,51.0,36.59,0.75,2.08,907.15,36.8,35.84,36.24,37.65,
01/03/2021 13:30:11,51.0,36.66,0.82,2.29,917.81,36.8,35.84,36.24,37.65,
01/03/2021 13:35:10,51.0,36.53,0.69,1.93,926.35,36.8,35.84,36.24,37.65,
01/03/2021 13:40:11,51.0,36.64,0.80,2.23,932.96,36.8,35.84,36.24,37.65,
01/03/2021 13:45:10,51.0,36.91,1.07,2.99,939.15,36.8,35.84,36.24,37.65,
01/03/2021 13:50:13,51.0,36.50,0.65,1.83,970.02,36.8,35.84,36.24,37.65,
01/03/2021 13:55:34,51.0,36.40,0.56,1.56,979.28,36.8,35.84,36.24,37.65,
01/03/2021 14:00:34,51.0,36.31,0.47,1.30,990,36.8,35.84,36.24,37.65,
01/03/2021 14:05:30,51.0,36.41,0.57,1.59,1030000.0,36.8,35.84,36.24,37.65,
01/03/2021 14:10:13,51.0,36.26,0.42,1.17,1040000.0,36.8,35.84,36.24,37.65,
01/03/2021 14:15:17,51.0,36.41,0.57,1.59,1050000.0,36.8,35.84,36.24,37.65,
01/03/2021 14:20:10,51.0,36.36,0.52,1.45,1070000.0,36.8,35.84,36.24,37.65,
01/03/2021 14:25:14,51.0,36.49,0.65,1.81,1080000.0,36.8,35.84,36.24,37.65,
01/03/2021 14:30:20,51.0,36.61,0.77,2.15,1100000.0,36.8,35.84,36.24,37.65,
01/03/2021 14:35:31,51.0,36.52,0.68,1.90,1110000.0,36.8,35.84,36.24,37.65,
01/03/2021 14:40:14,51.0,36.43,0.59,1.65,1120000.0,36.8,35.84,36.24,37.65,
01/03/2021 14:45:07,51.0,36.50,0.66,1.83,1120000.0,36.8,35.84,36.24,37.65,
01/03/2021 14:50:12,51.0,36.56,0.72,2.01,1130000.0,36.8,35.84,36.24,37.65,
01/03/2021 14:55:19,51.0,36.68,0.84,2.34,1130000.0,36.8,35.84,36.24,37.65,
01/03/2021 15:00:20,51.0,36.67,0.83,2.32,1140000.0,36.8,35.84,36.24,37.65,
01/03/2021 15:05:35,51.0,36.74,0.90,2.51,1160000.0,36.8,35.84,36.24,37.65,
01/03/2021 15:10:11,51.0,36.74,0.90,2.51,1170000.0,36.8,35.84,36.24,37.65,
01/03/2021 15:15:12,51.0,36.71,0.86,2.41,1180000.0,36.8,35.84,36.24,37.65,
01/03/2021 15:20:28,51.0,36.64,0.80,2.22,1190000.0,36.8,35.84,36.24,37.65,
01/03/2021 15:25:09,51.0,36.67,0.82,2.30,1200000.0,36.8,35.84,36.24,37.65,
01/03/2021 15:30:17,51.0,36.59,0.75,2.09,1210000.0,36.8,35.84,36.24,37.65,
01/03/2021 15:35:14,51.0,36.73,0.89,2.48,1220000.0,36.8,35.84,36.24,37.65,
01/03/2021 15:40:14,51.0,36.69,0.85,2.37,1240000.0,36.8,35.84,36.24,37.65,
01/03/2021 15:45:21,51.0,36.75,0.91,2.54,1250000.0,36.8,35.84,36.24,37.65,
01/03/2021 15:50:23,51.0,36.79,0.95,2.65,1270000.0,36.8,35.84,36.24,37.65,
01/03/2021 15:55:22,51.0,36.78,0.94,2.62,1290000.0,36.8,35.84,36.24,37.65,
01/03/2021 16:05:16,51.0,36.95,0.00,0.00,1390000.0,36.8,36.95,36.24,37.65,
01/03/2021 16:10:31,51.0,36.95,0.00,0.00,1410000.0,36.8,36.95,36.24,37.65,
01/03/2021 16:15:38,51.0,36.90,-0.05,-0.14,1380000.0,36.8,36.95,36.24,37.65,
01/03/2021 16:20:16,51.0,37.05,0.10,0.27,1380000.0,36.8,36.95,36.24,37.65,
01/03/2021 16:25:37,51.0,36.92,-0.03,-0.08,1380000.0,36.8,36.95,36.24,37.65,
01/03/2021 16:30:20,51.0,36.70,-0.25,-0.68,1380000.0,36.8,36.95,36.24,37.65,
01/03/2021 16:35:18,51.0,36.80,-0.15,-0.41,1380000.0,36.8,36.95,36.24,37.65,
01/03/2021 16:40:16,51.0,36.75,-0.20,-0.54,1390000.0,36.8,36.95,36.24,37.65,
01/03/2021 16:45:10,51.0,36.95,0.00,0.00,1390000.0,36.8,36.95,36.24,37.65,
01/03/2021 16:55:14,51.0,37.25,0.30,0.81,1390000.0,36.8,36.95,36.24,37.65,
01/03/2021 17:00:10,51.0,36.98,0.02,0.07,1390000.0,36.8,36.95,36.24,37.65,
01/03/2021 17:05:10,51.0,36.98,0.02,0.07,1390000.0,36.8,36.95,36.24,37.65,
01/03/2021 17:10:09,51.0,36.95,0.00,0.00,1390000.0,36.8,36.95,36.24,37.65,
01/03/2021 17:15:11,51.0,36.98,0.03,0.08,1390000.0,36.8,36.95,36.24,37.65,
01/03/2021 17:20:10,51.0,36.76,-0.19,-0.51,1390000.0,36.8,36.95,36.24,37.65,
01/03/2021 17:25:11,51.0,36.76,-0.19,-0.51,1390000.0,36.8,36.95,36.24,37.65,
01/03/2021 17:30:35,51.0,37.00,0.05,0.14,1390000.0,36.8,36.95,36.24,37.65,
01/03/2021 17:35:28,51.0,36.98,0.03,0.08,1390000.0,36.8,36.95,36.24,37.65,
01/03/2021 17:41:42,51.0,36.98,0.03,0.08,1390000.0,36.8,36.95,36.24,37.65,
01/03/2021 17:45:31,51.0,37.15,0.20,0.54,1390000.0,36.8,36.95,36.24,37.65,
01/03/2021 17:56:11,51.0,36.98,0.03,0.09,1400000.0,36.8,36.95,36.24,37.65,
01/03/2021 18:01:04,51.0,36.97,0.02,0.05,1400000.0,36.8,36.95,36.24,37.65,
01/03/2021 18:10:40,51.0,36.97,0.02,0.05,1400000.0,36.8,36.95,36.24,37.65,
01/03/2021 18:15:50,51.0,36.65,-0.30,-0.81,1400000.0,36.8,36.95,36.24,37.65,
01/03/2021 18:25:33,51.0,36.65,-0.30,-0.81,1400000.0,36.8,36.95,36.24,37.65,
01/03/2021 18:30:10,51.0,36.65,-0.30,-0.81,1400000.0,36.8,36.95,36.24,37.65,
01/03/2021 18:35:12,51.0,36.66,-0.29,-0.78,1400000.0,36.8,36.95,36.24,37.65,
01/03/2021 18:40:13,51.0,36.60,-0.35,-0.95,1400000.0,36.8,36.95,36.24,37.65,
01/03/2021 18:45:13,51.0,36.60,-0.35,-0.95,1400000.0,36.8,36.95,36.24,37.65,
01/03/2021 18:50:10,51.0,36.60,-0.35,-0.95,1400000.0,36.8,36.95,36.24,37.65,
01/03/2021 18:55:11,51.0,37.00,0.05,0.14,1400000.0,36.8,36.95,36.24,37.65,
01/03/2021 19:00:08,51.0,37.00,0.05,0.14,1400000.0,36.8,36.95,36.24,37.65,
01/03/2021 19:05:12,51.0,37.00,0.05,0.14,1400000.0,36.8,36.95,36.24,37.65,
01/03/2021 19:10:09,51.0,37.00,0.05,0.14,1400000.0,36.8,36.95,36.24,37.65,
01/03/2021 19:15:13,51.0,37.00,0.05,0.14,1400000.0,36.8,36.95,36.24,37.65,
01/03/2021 19:20:10,51.0,37.18,0.23,0.62,1400000.0,36.8,36.95,36.24,37.65,
01/03/2021 19:25:12,51.0,37.18,0.23,0.62,1400000.0,36.8,36.95,36.24,37.65,
01/03/2021 19:30:10,51.0,37.18,0.23,0.62,1400000.0,36.8,36.95,36.24,37.65,
01/03/2021 19:35:17,51.0,37.18,0.23,0.62,1400000.0,36.8,36.95,36.24,37.65,
01/03/2021 19:40:11,51.0,37.18,0.23,0.62,1400000.0,36.8,36.95,36.24,37.65,
01/03/2021 19:45:12,51.0,37.18,0.23,0.62,1400000.0,36.8,36.95,36.24,37.65,
01/03/2021 19:50:11,51.0,37.18,0.23,0.62,1400000.0,36.8,36.95,36.24,37.65,
01/03/2021 19:55:10,51.0,37.30,0.35,0.95,1400000.0,36.8,36.95,36.24,37.65,
01/03/2021 20:00:08,51.0,37.23,0.28,0.76,1400000.0,36.8,36.95,36.24,37.65,
01/03/2021 20:05:13,51.0,37.23,0.28,0.76,1400000.0,36.8,36.95,36.24,37.65,
01/03/2021 20:10:08,51.0,37.23,0.28,0.76,1400000.0,36.8,36.95,36.24,37.65,
01/03/2021 20:15:08,51.0,37.30,0.35,0.95,1400000.0,36.8,36.95,36.24,37.65,
01/03/2021 20:20:10,51.0,37.30,0.35,0.95,1400000.0,36.8,36.95,36.24,37.65,
01/03/2021 20:25:07,51.0,37.30,0.35,0.95,1400000.0,36.8,36.95,36.24,37.65,
01/03/2021 20:30:08,51.0,37.30,0.35,0.95,1400000.0,36.8,36.95,36.24,37.65,
01/03/2021 20:35:11,51.0,37.30,0.35,0.95,1400000.0,36.8,36.95,36.24,37.65,
01/03/2021 20:40:15,51.0,37.30,0.35,0.95,1400000.0,36.8,36.95,36.24,37.65,
01/03/2021 20:45:12,51.0,37.30,0.35,0.95,1400000.0,36.8,36.95,36.24,37.65,
01/03/2021 20:50:09,51.0,37.30,0.35,0.95,1400000.0,36.8,36.95,36.24,37.65,
01/03/2021 20:55:09,51.0,37.30,0.35,0.95,1400000.0,36.8,36.95,36.24,37.65,
01/03/2021 21:00:12,51.0,37.30,0.35,0.95,1400000.0,36.8,36.95,36.24,37.65,
01/03/2021 21:05:10,51.0,37.30,0.35,0.95,1400000.0,36.8,36.95,36.24,37.65,
01/03/2021 21:10:15,51.0,37.30,0.35,0.95,1400000.0,36.8,36.95,36.24,37.65,
01/03/2021 21:15:10,51.0,37.30,0.35,0.95,1400000.0,36.8,36.95,36.24,37.65,
01/03/2021 21:20:08,51.0,37.30,0.35,0.95,1400000.0,36.8,36.95,36.24,37.65,
01/03/2021 21:25:08,51.0,37.30,0.35,0.95,1400000.0,36.8,36.95,36.24,37.65,
01/03/2021 21:30:10,51.0,37.30,0.35,0.95,1400000.0,36.8,36.95,36.24,37.65,
01/03/2021 21:35:10,51.0,37.30,0.35,0.95,1400000.0,36.8,36.95,36.24,37.65,
01/03/2021 21:40:12,51.0,37.30,0.35,0.95,1400000.0,36.8,36.95,36.24,37.65,
01/03/2021 21:45:31,51.0,37.30,0.35,0.95,1400000.0,36.8,36.95,36.24,37.65,
01/03/2021 21:50:27,51.0,37.30,0.35,0.95,1400000.0,36.8,36.95,36.24,37.65,
01/03/2021 21:55:19,51.0,37.30,0.35,0.95,1400000.0,36.8,36.95,36.24,37.65,
01/03/2021 22:00:17,51.0,37.30,0.35,0.95,1400000.0,36.8,36.95,36.24,37.65,
01/03/2021 22:05:16,51.0,37.30,0.35,0.95,1400000.0,36.8,36.95,36.24,37.65,
01/03/2021 22:10:22,51.0,37.30,0.35,0.95,1400000.0,36.8,36.95,36.24,37.65,
01/03/2021 22:15:16,51.0,37.30,0.35,0.95,1400000.0,36.8,36.95,36.24,37.65,
01/03/2021 22:20:13,51.0,37.30,0.35,0.95,1400000.0,36.8,36.95,36.24,37.65,
01/03/2021 22:25:14,51.0,37.30,0.35,0.95,1400000.0,36.8,36.95,36.24,37.65,
01/03/2021 22:30:11,51.0,37.30,0.35,0.95,1400000.0,36.8,36.95,36.24,37.65,
01/03/2021 22:35:12,51.0,37.30,0.35,0.95,1400000.0,36.8,36.95,36.24,37.65,
01/03/2021 22:40:09,51.0,37.30,0.35,0.95,1400000.0,36.8,36.95,36.24,37.65,
01/03/2021 22:45:08,51.0,37.30,0.35,0.95,1400000.0,36.8,36.95,36.24,37.65,
01/03/2021 22:50:15,51.0,37.30,0.35,0.95,1400000.0,36.8,36.95,36.24,37.65,
01/03/2021 22:55:08,51.0,37.30,0.35,0.95,1400000.0,36.8,36.95,36.24,37.65,
01/03/2021 23:00:12,51.0,37.30,0.35,0.95,1400000.0,36.8,36.95,36.24,37.65,
01/03/2021 23:05:27,51.0,37.30,0.35,0.95,1400000.0,36.8,36.95,36.24,37.65,
01/03/2021 23:10:10,51.0,37.30,0.35,0.95,1400000.0,36.8,36.95,36.24,37.65,
01/03/2021 23:15:13,51.0,37.30,0.35,0.95,1400000.0,36.8,36.95,36.24,37.65,
01/03/2021 23:20:08,51.0,37.30,0.35,0.95,1400000.0,36.8,36.95,36.24,37.65,
01/03/2021 23:25:08,51.0,37.30,0.35,0.95,1400000.0,36.8,36.95,36.24,37.65,
01/03/2021 23:30:08,51.0,37.30,0.35,0.95,1400000.0,36.8,36.95,36.24,37.65,
01/03/2021 23:35:08,51.0,37.30,0.35,0.95,1400000.0,36.8,36.95,36.24,37.65,
01/03/2021 23:40:14,51.0,37.30,0.35,0.95,1400000.0,36.8,36.95,36.24,37.65,
01/03/2021 23:45:13,51.0,37.30,0.35,0.95,1400000.0,36.8,36.95,36.24,37.65,
01/03/2021 23:50:12,51.0,37.30,0.35,0.95,1400000.0,36.8,36.95,36.24,37.65,
01/03/2021 23:55:19,51.0,37.30,0.35,0.95,1400000.0,36.8,36.95,36.24,37.65,
02/03/2021 00:00:25,51.0,37.30,0.35,0.95,1400000.0,36.8,36.95,36.24,37.65,
02/03/2021 00:05:15,51.0,37.30,0.35,0.95,1400000.0,36.8,36.95,36.24,37.65,
02/03/2021 00:10:14,51.0,37.30,0.35,0.95,1400000.0,36.8,36.95,36.24,37.65,
02/03/2021 00:15:08,51.0,37.30,0.35,0.95,1400000.0,36.8,36.95,36.24,37.65,
02/03/2021 00:20:10,51.0,37.30,0.35,0.95,1400000.0,36.8,36.95,36.24,37.65,
02/03/2021 00:25:09,51.0,37.30,0.35,0.95,1400000.0,36.8,36.95,36.24,37.65,
02/03/2021 00:30:08,51.0,37.30,0.35,0.95,1400000.0,36.8,36.95,36.24,37.65,
02/03/2021 00:35:09,51.0,37.30,0.35,0.95,1400000.0,36.8,36.95,36.24,37.65,
02/03/2021 00:40:10,51.0,37.30,0.35,0.95,1400000.0,36.8,36.95,36.24,37.65,
02/03/2021 00:45:09,51.0,37.30,0.35,0.95,1400000.0,36.8,36.95,36.24,37.65,
02/03/2021 00:50:10,51.0,37.30,0.35,0.95,1400000.0,36.8,36.95,36.24,37.65,
02/03/2021 00:55:09,51.0,37.30,0.35,0.95,1400000.0,36.8,36.95,36.24,37.65,
02/03/2021 01:00:10,51.0,37.30,0.35,0.95,1400000.0,36.8,36.95,36.24,37.65,
02/03/2021 01:05:09,51.0,37.30,0.35,0.95,1400000.0,36.8,36.95,36.24,37.65,
02/03/2021 01:10:09,51.0,37.30,0.35,0.95,1400000.0,36.8,36.95,36.24,37.65,
02/03/2021 01:15:09,51.0,37.30,0.35,0.95,1400000.0,36.8,36.95,36.24,37.65,
02/03/2021 01:20:10,51.0,37.30,0.35,0.95,1400000.0,36.8,36.95,36.24,37.65,
02/03/2021 01:25:08,51.0,37.30,0.35,0.95,1400000.0,36.8,36.95,36.24,37.65,
02/03/2021 01:30:08,51.0,37.30,0.35,0.95,1400000.0,36.8,36.95,36.24,37.65,
02/03/2021 01:35:09,51.0,37.30,0.35,0.95,1400000.0,36.8,36.95,36.24,37.65,
02/03/2021 01:40:09,51.0,37.30,0.35,0.95,1400000.0,36.8,36.95,36.24,37.65,
02/03/2021 01:45:09,51.0,37.30,0.35,0.95,1400000.0,36.8,36.95,36.24,37.65,
02/03/2021 01:50:11,51.0,37.30,0.35,0.95,1400000.0,36.8,36.95,36.24,37.65,
02/03/2021 01:55:09,51.0,37.30,0.35,0.95,1400000.0,36.8,36.95,36.24,37.65,
02/03/2021 02:00:10,51.0,37.30,0.35,0.95,1400000.0,36.8,36.95,36.24,37.65,
02/03/2021 02:05:11,51.0,37.30,0.35,0.95,1400000.0,36.8,36.95,36.24,37.65,
02/03/2021 02:10:08,51.0,37.30,0.35,0.95,1400000.0,36.8,36.95,36.24,37.65,
02/03/2021 02:15:07,51.0,37.30,0.35,0.95,1400000.0,36.8,36.95,36.24,37.65,
02/03/2021 02:20:11,51.0,37.30,0.35,0.95,1400000.0,36.8,36.95,36.24,37.65,
02/03/2021 02:25:08,51.0,37.30,0.35,0.95,1400000.0,36.8,36.95,36.24,37.65,
02/03/2021 02:30:09,51.0,37.30,0.35,0.95,1400000.0,36.8,36.95,36.24,37.65,
02/03/2021 02:35:12,51.0,37.30,0.35,0.95,1400000.0,36.8,36.95,36.24,37.65,
02/03/2021 02:40:09,51.0,37.30,0.35,0.95,1400000.0,36.8,36.95,36.24,37.65,
02/03/2021 02:45:09,51.0,37.30,0.35,0.95,1400000.0,36.8,36.95,36.24,37.65,
02/03/2021 02:50:08,51.0,37.30,0.35,0.95,1400000.0,36.8,36.95,36.24,37.65,
02/03/2021 02:55:11,51.0,37.30,0.35,0.95,1400000.0,36.8,36.95,36.24,37.65,
02/03/2021 03:00:11,51.0,37.30,0.35,0.95,1400000.0,36.8,36.95,36.24,37.65,
02/03/2021 03:05:11,51.0,37.30,0.35,0.95,1400000.0,36.8,36.95,36.24,37.65,
02/03/2021 03:10:08,51.0,37.30,0.35,0.95,1400000.0,36.8,36.95,36.24,37.65,
02/03/2021 03:15:10,51.0,37.30,0.35,0.95,1400000.0,36.8,36.95,36.24,37.65,
02/03/2021 03:20:09,51.0,37.30,0.35,0.95,1400000.0,36.8,36.95,36.24,37.65,
02/03/2021 03:25:11,51.0,37.30,0.35,0.95,1400000.0,36.8,36.95,36.24,37.65,
02/03/2021 03:30:08,51.0,37.30,0.35,0.95,1400000.0,36.8,36.95,36.24,37.65,
02/03/2021 03:35:10,51.0,37.30,0.35,0.95,1400000.0,36.8,36.95,36.24,37.65,
02/03/2021 03:40:10,51.0,37.30,0.35,0.95,1400000.0,36.8,36.95,36.24,37.65,
02/03/2021 03:45:10,51.0,37.30,0.35,0.95,1400000.0,36.8,36.95,36.24,37.65,
02/03/2021 03:50:11,51.0,37.30,0.35,0.95,1400000.0,36.8,36.95,36.24,37.65,
02/03/2021 03:55:11,51.0,37.30,0.35,0.95,1400000.0,36.8,36.95,36.24,37.65,
02/03/2021 04:00:09,51.0,37.30,0.35,0.95,1400000.0,36.8,36.95,36.24,37.65,
02/03/2021 04:05:10,51.0,37.30,0.35,0.95,1400000.0,36.8,36.95,36.24,37.65,
02/03/2021 04:10:08,51.0,37.30,0.35,0.95,1400000.0,36.8,36.95,36.24,37.65,
02/03/2021 04:15:11,51.0,37.30,0.35,0.95,1400000.0,36.8,36.95,36.24,37.65,
02/03/2021 04:20:11,51.0,36.98,0.03,0.08,1400000.0,36.8,36.95,36.24,37.65,
02/03/2021 04:25:09,51.0,36.98,0.03,0.08,1400000.0,36.8,36.95,36.24,37.65,
02/03/2021 04:30:09,51.0,36.98,0.03,0.08,1400000.0,36.8,36.95,36.24,37.65,
02/03/2021 04:35:11,51.0,36.79,-0.16,-0.43,1400000.0,36.8,36.95,36.24,37.65,
02/03/2021 04:40:08,51.0,36.60,-0.35,-0.95,1400000.0,36.8,36.95,36.24,37.65,
02/03/2021 04:45:12,51.0,36.74,-0.21,-0.57,1400000.0,36.8,36.95,36.24,37.65,
02/03/2021 04:50:09,51.0,36.74,-0.21,-0.57,1400000.0,36.8,36.95,36.24,37.65,
02/03/2021 04:55:11,51.0,36.74,-0.21,-0.57,1400000.0,36.8,36.95,36.24,37.65,
02/03/2021 05:00:09,51.0,36.74,-0.21,-0.57,1400000.0,36.8,36.95,36.24,37.65,
02/03/2021 05:05:07,51.0,36.74,-0.21,-0.57,1400000.0,36.8,36.95,36.24,37.65,
02/03/2021 05:10:10,51.0,36.74,-0.21,-0.57,1400000.0,36.8,36.95,36.24,37.65,
02/03/2021 05:15:08,51.0,36.61,-0.34,-0.92,1400000.0,36.8,36.95,36.24,37.65,
02/03/2021 05:20:10,51.0,36.61,-0.34,-0.92,1400000.0,36.8,36.95,36.24,37.65,
02/03/2021 05:25:11,51.0,36.61,-0.34,-0.92,1400000.0,36.8,36.95,36.24,37.65,
02/03/2021 05:30:11,51.0,36.62,-0.33,-0.89,1400000.0,36.8,36.95,36.24,37.65,
02/03/2021 05:35:09,51.0,36.62,-0.33,-0.89,1400000.0,36.8,36.95,36.24,37.65,
02/03/2021 05:40:11,51.0,36.62,-0.33,-0.89,1400000.0,36.8,36.95,36.24,37.65,
02/03/2021 05:45:09,51.0,36.62,-0.34,-0.89,1400000.0,36.8,36.95,36.24,37.65,
02/03/2021 05:50:10,51.0,36.62,-0.34,-0.89,1400000.0,36.8,36.95,36.24,37.65,
02/03/2021 05:55:11,51.0,36.62,-0.34,-0.89,1400000.0,36.8,36.95,36.24,37.65,
02/03/2021 06:00:09,51.0,36.61,-0.34,-0.92,1400000.0,36.8,36.95,36.24,37.65,
02/03/2021 06:05:11,51.0,36.61,-0.34,-0.92,1400000.0,36.8,36.95,36.24,37.65,
02/03/2021 06:10:11,51.0,36.61,-0.34,-0.92,1400000.0,36.8,36.95,36.24,37.65,
02/03/2021 06:15:09,51.0,36.61,-0.34,-0.92,1400000.0,36.8,36.95,36.24,37.65,
02/03/2021 06:20:10,51.0,36.61,-0.34,-0.92,1400000.0,36.8,36.95,36.24,37.65,
02/03/2021 06:25:11,51.0,36.61,-0.34,-0.92,1400000.0,36.8,36.95,36.24,37.65,
02/03/2021 06:30:12,51.0,36.61,-0.34,-0.92,1400000.0,36.8,36.95,36.24,37.65,
02/03/2021 06:35:09,51.0,36.61,-0.34,-0.92,1400000.0,36.8,36.95,36.24,37.65,
02/03/2021 06:40:10,51.0,36.61,-0.34,-0.92,1400000.0,36.8,36.95,36.24,37.65,
02/03/2021 06:45:09,51.0,36.61,-0.34,-0.92,1400000.0,36.8,36.95,36.24,37.65,
02/03/2021 06:50:09,51.0,36.61,-0.34,-0.92,1400000.0,36.8,36.95,36.24,37.65,
02/03/2021 06:55:10,51.0,36.62,-0.33,-0.89,1400000.0,36.8,36.95,36.24,37.65,
02/03/2021 07:00:10,51.0,36.69,-0.26,-0.70,1400000.0,36.8,36.95,36.24,37.65,
02/03/2021 07:05:08,51.0,36.95,0.00,0.00,1400000.0,36.8,36.95,36.24,37.65,
02/03/2021 07:10:09,51.0,36.95,0.00,0.00,1400000.0,36.8,36.95,36.24,37.65,
02/03/2021 07:15:09,51.0,36.95,0.00,0.00,1400000.0,36.8,36.95,36.24,37.65,
02/03/2021 07:20:09,51.0,37.00,0.05,0.14,1400000.0,36.8,36.95,36.24,37.65,
02/03/2021 07:25:11,51.0,37.00,0.05,0.14,1400000.0,36.8,36.95,36.24,37.65,
02/03/2021 07:30:08,51.0,37.36,0.41,1.11,1400000.0,36.8,36.95,36.24,37.65,
02/03/2021 07:35:11,51.0,37.36,0.41,1.11,1400000.0,36.8,36.95,36.24,37.65,
02/03/2021 07:40:12,51.0,37.36,0.41,1.11,1400000.0,36.8,36.95,36.24,37.65,
02/03/2021 07:45:11,51.0,37.36,0.41,1.11,1400000.0,36.8,36.95,36.24,37.65,
02/03/2021 07:50:12,51.0,37.36,0.41,1.11,1400000.0,36.8,36.95,36.24,37.65,
02/03/2021 07:55:12,51.0,37.20,0.25,0.68,1400000.0,36.8,36.95,36.24,37.65,
02/03/2021 08:00:09,51.0,37.35,0.40,1.08,1400000.0,36.8,36.95,36.24,37.65,
02/03/2021 08:05:11,51.0,37.17,0.22,0.60,1400000.0,36.8,36.95,36.24,37.65,
02/03/2021 08:10:10,51.0,37.00,0.05,0.14,1400000.0,36.8,36.95,36.24,37.65,
02/03/2021 08:15:11,51.0,37.16,0.21,0.57,1400000.0,36.8,36.95,36.24,37.65,
02/03/2021 08:20:08,51.0,37.16,0.21,0.57,1400000.0,36.8,36.95,36.24,37.65,
02/03/2021 08:25:09,51.0,37.17,0.22,0.60,1400000.0,36.8,36.95,36.24,37.65,
02/03/2021 08:30:09,51.0,37.20,0.25,0.68,1400000.0,36.8,36.95,36.24,37.65,
02/03/2021 08:35:09,51.0,37.00,0.05,0.14,1400000.0,36.8,36.95,36.24,37.65,
02/03/2021 08:40:11,51.0,37.10,0.15,0.41,1400000.0,36.8,36.95,36.24,37.65,
02/03/2021 08:45:12,51.0,37.20,0.25,0.68,1400000.0,36.8,36.95,36.24,37.65,
02/03/2021 08:50:08,51.0,37.20,0.25,0.68,1400000.0,36.8,36.95,36.24,37.65,
02/03/2021 08:55:11,51.0,37.10,0.15,0.41,1400000.0,36.8,36.95,36.24,37.65,
02/03/2021 09:00:10,51.0,37.19,0.24,0.65,1400000.0,36.8,36.95,36.24,37.65,
02/03/2021 09:05:12,51.0,37.15,0.20,0.54,1400000.0,36.8,36.95,36.24,37.65,
02/03/2021 09:10:12,51.0,37.07,0.12,0.32,1400000.0,36.8,36.95,36.24,37.65,
02/03/2021 09:15:08,51.0,37.10,0.15,0.41,1400000.0,36.8,36.95,36.24,37.65,
02/03/2021 09:20:08,51.0,37.14,0.19,0.51,1400000.0,36.8,36.95,36.24,37.65,
02/03/2021 09:25:12,51.0,37.15,0.20,0.54,1400000.0,36.8,36.95,36.24,37.65,
02/03/2021 09:30:11,51.0,36.95,1.11,3.10,1400000.0,36.8,36.95,36.24,37.65,
02/03/2021 09:35:11,51.0,36.87,-0.08,-0.22,42.26,37.0896,36.95,36.63,37.35,
02/03/2021 09:40:11,51.0,36.95,0.00,0.00,50.4,37.0896,36.95,36.63,37.35,
02/03/2021 09:45:09,51.0,36.86,-0.09,-0.24,98.93,37.0896,36.95,36.63,37.35,
02/03/2021 09:50:09,51.0,36.70,-0.25,-0.68,119.12,37.0896,36.95,36.63,37.35,
02/03/2021 09:55:10,51.0,36.92,-0.04,-0.09,134.54,37.0896,36.95,36.63,37.35,
02/03/2021 10:00:11,51.0,37.07,0.12,0.32,150.91,37.0896,36.95,36.6201,37.35,
02/03/2021 10:05:11,51.0,37.21,0.26,0.70,169.57,37.0896,36.95,36.6201,37.35,
02/03/2021 10:10:08,51.0,37.29,0.34,0.92,187.58,37.0896,36.95,36.6201,37.35,
02/03/2021 10:15:09,51.0,37.18,0.23,0.62,206.72,37.0896,36.95,36.6201,37.4,
02/03/2021 10:20:08,51.0,37.13,0.18,0.49,225.13,37.0896,36.95,36.6201,37.4,
02/03/2021 10:25:11,51.0,37.05,0.10,0.28,239.77,37.0896,36.95,36.6201,37.4,
02/03/2021 10:30:11,51.0,37.05,0.10,0.27,255.84,37.0896,36.95,36.6201,37.4,
02/03/2021 10:35:11,51.0,37.04,0.09,0.24,275.68,37.0896,36.95,36.6201,37.4,
02/03/2021 10:40:12,51.0,36.88,-0.07,-0.19,289.9,37.0896,36.95,36.6201,37.4,
02/03/2021 10:45:08,51.0,36.77,-0.18,-0.50,315.4,37.0896,36.95,36.61,37.4,
02/03/2021 10:50:12,51.0,37.00,0.05,0.14,333.13,37.0896,36.95,36.61,37.4,
02/03/2021 10:55:10,51.0,36.80,-0.15,-0.41,349.65,37.0896,36.95,36.61,37.4,
02/03/2021 11:00:09,51.0,36.91,-0.04,-0.11,370.61,37.0896,36.95,36.6,37.4,
02/03/2021 11:05:11,51.0,36.83,-0.12,-0.32,390.8,37.0896,36.95,36.54,37.4,
02/03/2021 11:10:10,51.0,36.80,-0.15,-0.41,397.41,37.0896,36.95,36.54,37.4,
02/03/2021 11:15:10,51.0,36.69,-0.26,-0.70,415.42,37.0896,36.95,36.54,37.4,
02/03/2021 11:20:09,51.0,36.58,-0.37,-1.00,434.35,37.0896,36.95,36.52,37.4,
02/03/2021 11:25:10,51.0,36.43,-0.52,-1.42,457,37.0896,36.95,36.39,37.4,
02/03/2021 11:30:09,51.0,36.57,-0.38,-1.03,475.78,37.0896,36.95,36.36,37.4,
02/03/2021 11:35:08,51.0,36.24,-0.71,-1.92,498.44,37.0896,36.95,36.16,37.4,
02/03/2021 11:40:10,51.0,36.27,-0.69,-1.85,518.36,37.0896,36.95,36.16,37.4,
02/03/2021 11:45:08,51.0,36.16,-0.79,-2.14,550.49,37.0896,36.95,35.91,37.4,
02/03/2021 11:50:11,51.0,36.35,-0.60,-1.62,577.74,37.0896,36.95,35.91,37.4,
02/03/2021 11:55:08,51.0,36.26,-0.69,-1.87,593,37.0896,36.95,35.91,37.4,
02/03/2021 12:00:12,51.0,36.20,-0.75,-2.03,619.99,37.0896,36.95,35.91,37.4,
02/03/2021 12:05:09,51.0,36.14,-0.81,-2.18,633.32,37.0896,36.95,35.91,37.4,
02/03/2021 12:10:07,51.0,36.25,-0.70,-1.89,647.36,37.0896,36.95,35.91,37.4,
02/03/2021 12:15:08,51.0,36.18,-0.77,-2.08,656.31,37.0896,36.95,35.91,37.4,
02/03/2021 12:20:09,51.0,36.27,-0.68,-1.85,670.24,37.0896,36.95,35.91,37.4,
02/03/2021 12:25:09,51.0,36.25,-0.70,-1.89,679.2,37.0896,36.95,35.91,37.4,
02/03/2021 12:30:09,51.0,36.24,-0.71,-1.93,686.06,37.0896,36.95,35.91,37.4,
02/03/2021 12:35:12,51.0,36.30,-0.65,-1.76,702.3,37.0896,36.95,35.91,37.4,
02/03/2021 12:40:08,51.0,36.42,-0.53,-1.43,710.83,37.0896,36.95,35.91,37.4,
02/03/2021 12:45:09,51.0,36.35,-0.60,-1.62,719.12,37.0896,36.95,35.91,37.4,
02/03/2021 12:50:10,51.0,36.31,-0.64,-1.73,727.08,37.0896,36.95,35.91,37.4,
02/03/2021 12:55:09,51.0,36.27,-0.68,-1.84,734.01,37.0896,36.95,35.91,37.4,
02/03/2021 13:00:11,51.0,36.24,-0.71,-1.92,741.83,37.0896,36.95,35.91,37.4,
02/03/2021 13:05:10,51.0,36.38,-0.57,-1.54,751.09,37.0896,36.95,35.91,37.4,
02/03/2021 13:10:10,51.0,36.30,-0.65,-1.76,762.74,37.0896,36.95,35.91,37.4,
02/03/2021 13:20:09,51.0,36.29,-0.66,-1.79,776.08,37.0896,36.95,35.91,37.4,
02/03/2021 13:25:10,51.0,36.31,-0.64,-1.72,783.03,37.0896,36.95,35.91,37.4,
02/03/2021 13:30:11,51.0,36.25,-0.70,-1.89,789.69,37.0896,36.95,35.91,37.4,
02/03/2021 13:35:12,51.0,36.16,-0.79,-2.14,798.34,37.0896,36.95,35.91,37.4,
02/03/2021 13:40:08,51.0,36.19,-0.76,-2.06,807.93,37.0896,36.95,35.91,37.4,
02/03/2021 13:45:08,51.0,36.05,-0.90,-2.43,824.19,37.0896,36.95,35.91,37.4,
02/03/2021 13:50:10,51.0,36.09,-0.86,-2.33,834.46,37.0896,36.95,35.91,37.4,
02/03/2021 13:55:10,51.0,36.06,-0.89,-2.41,846.14,37.0896,36.95,35.91,37.4,
02/03/2021 14:00:11,51.0,36.06,-0.89,-2.41,860.29,37.0896,36.95,35.91,37.4,
02/03/2021 14:05:11,51.0,35.93,-1.03,-2.77,872.98,37.0896,36.95,35.91,37.4,
02/03/2021 14:10:09,51.0,35.60,-1.35,-3.65,900.77,37.0896,36.95,35.57,37.4,
02/03/2021 14:15:10,51.0,35.59,-1.36,-3.68,934.71,37.0896,36.95,35.3601,37.4,
02/03/2021 14:20:09,51.0,35.74,-1.21,-3.28,963.4,37.0896,36.95,35.3601,37.4,
02/03/2021 14:25:08,51.0,35.98,-0.97,-2.63,1000000.0,37.0896,36.95,35.3601,37.4,
02/03/2021 14:30:10,51.0,35.79,-1.16,-3.14,1050000.0,37.0896,36.95,35.3601,37.4,
02/03/2021 14:35:09,51.0,35.96,-0.99,-2.68,1060000.0,37.0896,36.95,35.3601,37.4,
02/03/2021 14:40:11,51.0,36.00,-0.95,-2.57,1080000.0,37.0896,36.95,35.3601,37.4,
02/03/2021 14:45:09,51.0,35.94,-1.01,-2.73,1090000.0,37.0896,36.95,35.3601,37.4,
02/03/2021 14:50:10,51.0,36.05,-0.90,-2.44,1110000.0,37.0896,36.95,35.3601,37.4,
02/03/2021 14:55:08,51.0,36.14,-0.81,-2.21,1110000.0,37.0896,36.95,35.3601,37.4,
02/03/2021 15:00:12,51.0,35.99,-0.96,-2.61,1120000.0,37.0896,36.95,35.3601,37.4,
02/03/2021 15:05:11,51.0,35.98,-0.97,-2.63,1130000.0,37.0896,36.95,35.3601,37.4,
02/03/2021 15:10:08,51.0,35.99,-0.96,-2.61,1140000.0,37.0896,36.95,35.3601,37.4,
02/03/2021 15:15:11,51.0,35.69,-1.26,-3.41,1150000.0,37.0896,36.95,35.3601,37.4,
02/03/2021 15:20:10,51.0,35.51,-1.44,-3.90,1170000.0,37.0896,36.95,35.3601,37.4,
02/03/2021 15:25:08,51.0,35.51,-1.44,-3.89,1190000.0,37.0896,36.95,35.3601,37.4,
02/03/2021 15:30:12,51.0,35.53,-1.42,-3.84,1210000.0,37.0896,36.95,35.3601,37.4,
02/03/2021 15:35:10,51.0,35.68,-1.27,-3.44,1240000.0,37.0896,36.95,35.3601,37.4,
02/03/2021 15:40:11,51.0,35.68,-1.27,-3.44,1270000.0,37.0896,36.95,35.3601,37.4,
02/03/2021 15:45:11,51.0,35.40,-1.55,-4.19,1290000.0,37.0896,36.95,35.3601,37.4,
02/03/2021 15:50:11,51.0,35.47,-1.48,-4.01,1320000.0,37.0896,36.95,35.3601,37.4,
02/03/2021 15:55:09,51.0,35.40,-1.55,-4.19,1350000.0,37.0896,36.95,35.3601,37.4,
02/03/2021 16:05:09,51.0,35.65,0.20,0.56,1520000.0,37.0896,35.45,35.3601,37.4,
02/03/2021 16:10:09,51.0,35.70,0.25,0.71,1560000.0,37.0896,35.45,35.3601,37.4,
02/03/2021 16:15:09,51.0,35.70,0.25,0.71,1520000.0,37.0896,35.45,35.3601,37.4,
02/03/2021 16:20:10,51.0,35.70,0.25,0.71,1520000.0,37.0896,35.45,35.3601,37.4,
02/03/2021 16:25:08,51.0,35.60,0.15,0.42,1520000.0,37.0896,35.45,35.3601,37.4,
02/03/2021 16:30:12,51.0,35.60,0.15,0.42,1520000.0,37.0896,35.45,35.3601,37.4,
02/03/2021 16:35:08,51.0,35.74,0.29,0.82,1530000.0,37.0896,35.45,35.3601,37.4,
02/03/2021 16:40:10,51.0,35.73,0.28,0.79,1550000.0,37.0896,35.45,35.3601,37.4,
02/03/2021 16:45:08,51.0,35.68,0.23,0.65,1550000.0,37.0896,35.45,35.3601,37.4,
02/03/2021 16:50:11,51.0,35.68,0.23,0.65,1550000.0,37.0896,35.45,35.3601,37.4,
02/03/2021 16:55:11,51.0,35.68,0.23,0.65,1550000.0,37.0896,35.45,35.3601,37.4,
02/03/2021 17:00:08,51.0,35.68,0.23,0.65,1550000.0,37.0896,35.45,35.3601,37.4,
02/03/2021 17:05:08,51.0,35.68,0.23,0.65,1550000.0,37.0896,35.45,35.3601,37.4,
02/03/2021 17:10:09,51.0,35.68,0.23,0.65,1550000.0,37.0896,35.45,35.3601,37.4,
02/03/2021 17:15:10,51.0,35.68,0.23,0.65,1550000.0,37.0896,35.45,35.3601,37.4,
02/03/2021 17:20:07,51.0,35.68,0.23,0.65,1550000.0,37.0896,35.45,35.3601,37.4,
02/03/2021 17:25:10,51.0,35.55,0.10,0.28,1550000.0,37.0896,35.45,35.3601,37.4,
02/03/2021 17:30:08,51.0,35.67,0.22,0.62,1550000.0,37.0896,35.45,35.3601,37.4,
02/03/2021 17:35:10,51.0,35.65,0.20,0.56,1550000.0,37.0896,35.45,35.3601,37.4,
02/03/2021 17:40:09,51.0,35.68,0.23,0.65,1550000.0,37.0896,35.45,35.3601,37.4,
02/03/2021 17:45:09,51.0,35.45,0.00,0.00,1550000.0,37.0896,35.45,35.3601,37.4,
02/03/2021 17:50:12,51.0,35.74,0.29,0.82,1550000.0,37.0896,35.45,35.3601,37.4,
02/03/2021 17:55:10,51.0,35.73,0.28,0.79,1550000.0,37.0896,35.45,35.3601,37.4,
02/03/2021 18:00:10,51.0,35.75,0.30,0.85,1560000.0,37.0896,35.45,35.3601,37.4,
02/03/2021 18:05:10,51.0,35.65,0.20,0.56,1560000.0,37.0896,35.45,35.3601,37.4,
02/03/2021 18:10:11,51.0,35.63,0.18,0.51,1560000.0,37.0896,35.45,35.3601,37.4,
02/03/2021 18:15:10,51.0,35.80,0.35,0.99,1560000.0,37.0896,35.45,35.3601,37.4,
02/03/2021 18:20:10,51.0,35.73,0.27,0.78,1560000.0,37.0896,35.45,35.3601,37.4,
02/03/2021 18:25:10,51.0,35.65,0.20,0.56,1560000.0,37.0896,35.45,35.3601,37.4,
02/03/2021 18:30:08,51.0,35.65,0.20,0.56,1560000.0,37.0896,35.45,35.3601,37.4,
02/03/2021 18:35:10,51.0,35.65,0.20,0.56,1560000.0,37.0896,35.45,35.3601,37.4,
02/03/2021 18:40:08,51.0,35.85,0.40,1.13,1560000.0,37.0896,35.45,35.3601,37.4,
02/03/2021 18:45:10,51.0,35.65,0.20,0.56,1560000.0,37.0896,35.45,35.3601,37.4,
02/03/2021 18:50:10,51.0,35.65,0.20,0.56,1560000.0,37.0896,35.45,35.3601,37.4,
02/03/2021 18:55:10,51.0,36.00,0.55,1.55,1560000.0,37.0896,35.45,35.3601,37.4,
02/03/2021 19:00:11,51.0,36.00,0.55,1.55,1560000.0,37.0896,35.45,35.3601,37.4,
02/03/2021 19:05:09,51.0,36.20,0.75,2.12,1560000.0,37.0896,35.45,35.3601,37.4,
02/03/2021 19:10:13,51.0,36.10,0.65,1.83,1560000.0,37.0896,35.45,35.3601,37.4,
02/03/2021 19:15:10,51.0,36.10,0.65,1.83,1560000.0,37.0896,35.45,35.3601,37.4,
02/03/2021 19:20:08,51.0,36.10,0.65,1.83,1560000.0,37.0896,35.45,35.3601,37.4,
02/03/2021 19:25:10,51.0,36.10,0.65,1.83,1560000.0,37.0896,35.45,35.3601,37.4,
02/03/2021 19:30:10,51.0,36.10,0.65,1.83,1560000.0,37.0896,35.45,35.3601,37.4,
02/03/2021 19:35:11,51.0,36.07,0.62,1.75,1560000.0,37.0896,35.45,35.3601,37.4,
02/03/2021 19:40:08,51.0,36.07,0.62,1.75,1560000.0,37.0896,35.45,35.3601,37.4,
02/03/2021 19:45:08,51.0,36.10,0.65,1.83,1560000.0,37.0896,35.45,35.3601,37.4,
02/03/2021 19:50:10,51.0,36.00,0.55,1.55,1560000.0,37.0896,35.45,35.3601,37.4,
02/03/2021 19:55:09,51.0,36.10,0.65,1.83,1560000.0,37.0896,35.45,35.3601,37.4,
02/03/2021 20:00:10,51.0,36.12,0.67,1.89,1560000.0,37.0896,35.45,35.3601,37.4,
02/03/2021 20:05:09,51.0,36.12,0.67,1.89,1560000.0,37.0896,35.45,35.3601,37.4,
02/03/2021 20:10:13,51.0,36.12,0.67,1.89,1560000.0,37.0896,35.45,35.3601,37.4,
02/03/2021 20:15:12,51.0,36.14,0.69,1.95,1570000.0,37.0896,35.45,35.3601,37.4,
02/03/2021 20:20:12,51.0,36.14,0.69,1.95,1570000.0,37.0896,35.45,35.3601,37.4,
02/03/2021 20:25:06,51.0,36.14,0.69,1.95,1570000.0,37.0896,35.45,35.3601,37.4,
02/03/2021 20:30:19,51.0,36.14,0.69,1.95,1570000.0,37.0896,35.45,35.3601,37.4,
02/03/2021 20:35:15,51.0,36.14,0.69,1.95,1570000.0,37.0896,35.45,35.3601,37.4,
02/03/2021 20:40:10,51.0,36.14,0.69,1.95,1570000.0,37.0896,35.45,35.3601,37.4,
02/03/2021 20:45:09,51.0,36.14,0.69,1.95,1570000.0,37.0896,35.45,35.3601,37.4,
02/03/2021 20:50:19,51.0,36.14,0.69,1.95,1570000.0,37.0896,35.45,35.3601,37.4,
02/03/2021 20:55:16,51.0,36.14,0.69,1.95,1570000.0,37.0896,35.45,35.3601,37.4,
02/03/2021 21:00:21,51.0,36.14,0.69,1.95,1570000.0,37.0896,35.45,35.3601,37.4,
02/03/2021 21:05:44,51.0,36.14,0.69,1.95,1570000.0,37.0896,35.45,35.3601,37.4,
02/03/2021 21:10:13,51.0,36.14,0.69,1.95,1570000.0,37.0896,35.45,35.3601,37.4,
02/03/2021 21:15:20,51.0,36.14,0.69,1.95,1570000.0,37.0896,35.45,35.3601,37.4,
02/03/2021 21:20:12,51.0,36.14,0.69,1.95,1570000.0,37.0896,35.45,35.3601,37.4,
02/03/2021 21:25:15,51.0,36.14,0.69,1.95,1570000.0,37.0896,35.45,35.3601,37.4,
02/03/2021 21:30:17,51.0,36.14,0.69,1.95,1570000.0,37.0896,35.45,35.3601,37.4,
02/03/2021 21:35:24,51.0,36.14,0.69,1.95,1570000.0,37.0896,35.45,35.3601,37.4,
02/03/2021 21:40:34,51.0,36.14,0.69,1.95,1570000.0,37.0896,35.45,35.3601,37.4,
02/03/2021 21:45:09,51.0,36.14,0.69,1.95,1570000.0,37.0896,35.45,35.3601,37.4,
02/03/2021 21:50:11,51.0,36.14,0.69,1.95,1570000.0,37.0896,35.45,35.3601,37.4,
02/03/2021 21:55:11,51.0,36.14,0.69,1.95,1570000.0,37.0896,35.45,35.3601,37.4,
02/03/2021 22:00:12,51.0,36.14,0.69,1.95,1570000.0,37.0896,35.45,35.3601,37.4,
02/03/2021 22:05:09,51.0,36.14,0.69,1.95,1570000.0,37.0896,35.45,35.3601,37.4,
02/03/2021 22:10:10,51.0,36.14,0.69,1.95,1570000.0,37.0896,35.45,35.3601,37.4,
02/03/2021 22:15:08,51.0,36.14,0.69,1.95,1570000.0,37.0896,35.45,35.3601,37.4,
02/03/2021 22:20:10,51.0,36.14,0.69,1.95,1570000.0,37.0896,35.45,35.3601,37.4,
02/03/2021 22:25:11,51.0,36.14,0.69,1.95,1570000.0,37.0896,35.45,35.3601,37.4,
02/03/2021 22:30:09,51.0,36.14,0.69,1.95,1570000.0,37.0896,35.45,35.3601,37.4,
02/03/2021 22:35:10,51.0,36.14,0.69,1.95,1570000.0,37.0896,35.45,35.3601,37.4,
02/03/2021 22:40:12,51.0,36.14,0.69,1.95,1570000.0,37.0896,35.45,35.3601,37.4,
02/03/2021 22:45:10,51.0,36.14,0.69,1.95,1570000.0,37.0896,35.45,35.3601,37.4,
02/03/2021 22:50:11,51.0,36.14,0.69,1.95,1570000.0,37.0896,35.45,35.3601,37.4,
02/03/2021 22:55:11,51.0,36.14,0.69,1.95,1570000.0,37.0896,35.45,35.3601,37.4,
02/03/2021 23:00:12,51.0,36.14,0.69,1.95,1570000.0,37.0896,35.45,35.3601,37.4,
02/03/2021 23:05:11,51.0,36.14,0.69,1.95,1570000.0,37.0896,35.45,35.3601,37.4,
02/03/2021 23:15:08,51.0,36.14,0.69,1.95,1570000.0,37.0896,35.45,35.3601,37.4,
02/03/2021 23:20:10,51.0,36.14,0.69,1.95,1570000.0,37.0896,35.45,35.3601,37.4,
02/03/2021 23:25:08,51.0,36.14,0.69,1.95,1570000.0,37.0896,35.45,35.3601,37.4,
02/03/2021 23:30:09,51.0,36.14,0.69,1.95,1570000.0,37.0896,35.45,35.3601,37.4,
02/03/2021 23:35:09,51.0,36.14,0.69,1.95,1570000.0,37.0896,35.45,35.3601,37.4,
02/03/2021 23:40:11,51.0,36.14,0.69,1.95,1570000.0,37.0896,35.45,35.3601,37.4,
02/03/2021 23:45:11,51.0,36.14,0.69,1.95,1570000.0,37.0896,35.45,35.3601,37.4,
02/03/2021 23:50:10,51.0,36.14,0.69,1.95,1570000.0,37.0896,35.45,35.3601,37.4,
02/03/2021 23:55:10,51.0,36.14,0.69,1.95,1570000.0,37.0896,35.45,35.3601,37.4,
03/03/2021 00:00:12,51.0,36.14,0.69,1.95,1570000.0,37.0896,35.45,35.3601,37.4,
03/03/2021 00:05:07,51.0,36.14,0.69,1.95,1570000.0,37.0896,35.45,35.3601,37.4,
03/03/2021 00:10:15,51.0,36.14,0.69,1.95,1570000.0,37.0896,35.45,35.3601,37.4,
03/03/2021 00:15:12,51.0,36.14,0.69,1.95,1570000.0,37.0896,35.45,35.3601,37.4,
03/03/2021 00:20:12,51.0,36.14,0.69,1.95,1570000.0,37.0896,35.45,35.3601,37.4,
03/03/2021 00:25:11,51.0,36.14,0.69,1.95,1570000.0,37.0896,35.45,35.3601,37.4,
03/03/2021 00:30:09,51.0,36.14,0.69,1.95,1570000.0,37.0896,35.45,35.3601,37.4,
03/03/2021 00:35:09,51.0,36.14,0.69,1.95,1570000.0,37.0896,35.45,35.3601,37.4,
03/03/2021 00:40:10,51.0,36.14,0.69,1.95,1570000.0,37.0896,35.45,35.3601,37.4,
03/03/2021 00:45:09,51.0,36.14,0.69,1.95,1570000.0,37.0896,35.45,35.3601,37.4,
03/03/2021 00:50:09,51.0,36.14,0.69,1.95,1570000.0,37.0896,35.45,35.3601,37.4,
03/03/2021 00:55:11,51.0,36.14,0.69,1.95,1570000.0,37.0896,35.45,35.3601,37.4,
03/03/2021 01:00:11,51.0,36.14,0.69,1.95,1570000.0,37.0896,35.45,35.3601,37.4,
03/03/2021 01:05:07,51.0,36.14,0.69,1.95,1570000.0,37.0896,35.45,35.3601,37.4,
03/03/2021 01:10:09,51.0,36.14,0.69,1.95,1570000.0,37.0896,35.45,35.3601,37.4,
03/03/2021 01:15:16,51.0,36.14,0.69,1.95,1570000.0,37.0896,35.45,35.3601,37.4,
03/03/2021 01:20:10,51.0,36.14,0.69,1.95,1570000.0,37.0896,35.45,35.3601,37.4,
03/03/2021 01:25:12,51.0,36.14,0.69,1.95,1570000.0,37.0896,35.45,35.3601,37.4,
03/03/2021 01:30:20,51.0,36.14,0.69,1.95,1570000.0,37.0896,35.45,35.3601,37.4,
03/03/2021 01:35:19,51.0,36.14,0.69,1.95,1570000.0,37.0896,35.45,35.3601,37.4,
03/03/2021 01:40:09,51.0,36.14,0.69,1.95,1570000.0,37.0896,35.45,35.3601,37.4,
03/03/2021 01:45:16,51.0,36.14,0.69,1.95,1570000.0,37.0896,35.45,35.3601,37.4,
03/03/2021 01:50:19,51.0,36.14,0.69,1.95,1570000.0,37.0896,35.45,35.3601,37.4,
03/03/2021 01:55:17,51.0,36.14,0.69,1.95,1570000.0,37.0896,35.45,35.3601,37.4,
03/03/2021 02:00:16,51.0,36.14,0.69,1.95,1570000.0,37.0896,35.45,35.3601,37.4,
03/03/2021 02:05:09,51.0,36.14,0.69,1.95,1570000.0,37.0896,35.45,35.3601,37.4,
03/03/2021 02:10:12,51.0,36.14,0.69,1.95,1570000.0,37.0896,35.45,35.3601,37.4,
03/03/2021 02:15:16,51.0,36.14,0.69,1.95,1570000.0,37.0896,35.45,35.3601,37.4,
03/03/2021 02:20:13,51.0,36.14,0.69,1.95,1570000.0,37.0896,35.45,35.3601,37.4,
03/03/2021 02:25:12,51.0,36.14,0.69,1.95,1570000.0,37.0896,35.45,35.3601,37.4,
03/03/2021 02:30:12,51.0,36.14,0.69,1.95,1570000.0,37.0896,35.45,35.3601,37.4,
03/03/2021 02:35:13,51.0,36.14,0.69,1.95,1570000.0,37.0896,35.45,35.3601,37.4,
03/03/2021 02:40:12,51.0,36.14,0.69,1.95,1570000.0,37.0896,35.45,35.3601,37.4,
03/03/2021 02:45:12,51.0,36.14,0.69,1.95,1570000.0,37.0896,35.45,35.3601,37.4,
03/03/2021 02:50:14,51.0,36.14,0.69,1.95,1570000.0,37.0896,35.45,35.3601,37.4,
03/03/2021 02:55:09,51.0,36.14,0.69,1.95,1570000.0,37.0896,35.45,35.3601,37.4,
03/03/2021 03:00:10,51.0,36.14,0.69,1.95,1570000.0,37.0896,35.45,35.3601,37.4,
03/03/2021 03:05:13,51.0,36.14,0.69,1.95,1570000.0,37.0896,35.45,35.3601,37.4,
03/03/2021 03:10:13,51.0,36.14,0.69,1.95,1570000.0,37.0896,35.45,35.3601,37.4,
03/03/2021 03:15:14,51.0,36.14,0.69,1.95,1570000.0,37.0896,35.45,35.3601,37.4,
03/03/2021 03:20:13,51.0,36.14,0.69,1.95,1570000.0,37.0896,35.45,35.3601,37.4,
03/03/2021 03:25:12,51.0,36.14,0.69,1.95,1570000.0,37.0896,35.45,35.3601,37.4,
03/03/2021 03:30:14,51.0,36.14,0.69,1.95,1570000.0,37.0896,35.45,35.3601,37.4,
03/03/2021 03:35:12,51.0,36.14,0.69,1.95,1570000.0,37.0896,35.45,35.3601,37.4,
03/03/2021 03:40:10,51.0,36.14,0.69,1.95,1570000.0,37.0896,35.45,35.3601,37.4,
03/03/2021 03:45:09,51.0,36.14,0.69,1.95,1570000.0,37.0896,35.45,35.3601,37.4,
03/03/2021 03:55:16,51.0,36.14,0.69,1.95,1570000.0,37.0896,35.45,35.3601,37.4,
03/03/2021 04:00:10,51.0,36.14,0.69,1.95,1570000.0,37.0896,35.45,35.3601,37.4,
03/03/2021 04:05:13,51.0,36.14,0.69,1.95,1570000.0,37.0896,35.45,35.3601,37.4,
03/03/2021 04:10:15,51.0,36.14,0.69,1.95,1570000.0,37.0896,35.45,35.3601,37.4,
03/03/2021 04:15:15,51.0,36.14,0.69,1.95,1570000.0,37.0896,35.45,35.3601,37.4,
03/03/2021 04:20:08,51.0,35.65,0.06,0.56,1570000.0,37.0896,35.45,35.3601,37.4,
03/03/2021 04:25:11,51.0,35.80,0.35,0.99,1570000.0,37.0896,35.45,35.3601,37.4,
03/03/2021 04:30:16,51.0,35.80,0.35,0.99,1570000.0,37.0896,35.45,35.3601,37.4,
03/03/2021 04:35:13,51.0,35.80,0.35,0.99,1570000.0,37.0896,35.45,35.3601,37.4,
03/03/2021 04:40:20,51.0,35.90,0.45,1.27,1570000.0,37.0896,35.45,35.3601,37.4,
03/03/2021 04:45:20,51.0,35.90,0.45,1.27,1570000.0,37.0896,35.45,35.3601,37.4,
03/03/2021 04:50:08,51.0,35.90,0.45,1.27,1570000.0,37.0896,35.45,35.3601,37.4,
03/03/2021 04:55:10,51.0,35.90,0.45,1.27,1570000.0,37.0896,35.45,35.3601,37.4,
03/03/2021 05:00:24,51.0,35.90,0.45,1.27,1570000.0,37.0896,35.45,35.3601,37.4,
03/03/2021 05:05:10,51.0,35.90,0.45,1.27,1570000.0,37.0896,35.45,35.3601,37.4,
03/03/2021 05:10:09,51.0,35.90,0.45,1.27,1570000.0,37.0896,35.45,35.3601,37.4,
03/03/2021 05:15:11,51.0,35.90,0.45,1.27,1570000.0,37.0896,35.45,35.3601,37.4,
03/03/2021 05:25:10,51.0,35.90,0.45,1.27,1570000.0,37.0896,35.45,35.3601,37.4,
03/03/2021 05:30:09,51.0,36.43,0.98,2.76,1570000.0,37.0896,35.45,35.3601,37.4,
03/03/2021 05:35:13,51.0,36.43,0.98,2.76,1570000.0,37.0896,35.45,35.3601,37.4,
03/03/2021 05:40:10,51.0,36.43,0.98,2.76,1570000.0,37.0896,35.45,35.3601,37.4,
03/03/2021 05:45:09,51.0,36.50,1.05,2.96,1570000.0,37.0896,35.45,35.3601,37.4,
03/03/2021 05:50:10,51.0,36.40,0.95,2.68,1570000.0,37.0896,35.45,35.3601,37.4,
03/03/2021 05:55:10,51.0,36.40,0.95,2.68,1570000.0,37.0896,35.45,35.3601,37.4,
03/03/2021 06:00:10,51.0,36.40,0.95,2.68,1570000.0,37.0896,35.45,35.3601,37.4,
03/03/2021 06:05:08,51.0,36.40,0.95,2.68,1570000.0,37.0896,35.45,35.3601,37.4,
03/03/2021 06:10:09,51.0,36.40,0.95,2.68,1570000.0,37.0896,35.45,35.3601,37.4,
03/03/2021 06:15:10,51.0,36.40,0.95,2.68,1570000.0,37.0896,35.45,35.3601,37.4,
03/03/2021 06:20:10,51.0,36.40,0.95,2.68,1570000.0,37.0896,35.45,35.3601,37.4,
03/03/2021 06:25:09,51.0,36.40,0.95,2.68,1570000.0,37.0896,35.45,35.3601,37.4,
03/03/2021 06:30:07,51.0,36.40,0.95,2.68,1570000.0,37.0896,35.45,35.3601,37.4,
03/03/2021 06:35:12,51.0,36.40,0.95,2.68,1570000.0,37.0896,35.45,35.3601,37.4,
03/03/2021 06:40:08,51.0,36.20,0.75,2.12,1570000.0,37.0896,35.45,35.3601,37.4,
03/03/2021 06:45:10,51.0,36.20,0.75,2.12,1570000.0,37.0896,35.45,35.3601,37.4,
03/03/2021 06:50:09,51.0,36.20,0.75,2.12,1570000.0,37.0896,35.45,35.3601,37.4,
03/03/2021 06:55:08,51.0,36.20,0.75,2.12,1570000.0,37.0896,35.45,35.3601,37.4,
03/03/2021 07:00:10,51.0,36.01,0.56,1.58,1570000.0,37.0896,35.45,35.3601,37.4,
03/03/2021 07:05:10,51.0,36.30,0.85,2.40,1570000.0,37.0896,35.45,35.3601,37.4,
03/03/2021 07:10:14,51.0,36.30,0.85,2.40,1570000.0,37.0896,35.45,35.3601,37.4,
03/03/2021 07:15:09,51.0,36.30,0.85,2.40,1570000.0,37.0896,35.45,35.3601,37.4,
03/03/2021 07:20:10,51.0,36.30,0.85,2.40,1570000.0,37.0896,35.45,35.3601,37.4,
03/03/2021 07:25:10,51.0,36.30,0.85,2.40,1570000.0,37.0896,35.45,35.3601,37.4,
03/03/2021 07:30:10,51.0,36.24,0.79,2.23,1570000.0,37.0896,35.45,35.3601,37.4,
03/03/2021 07:35:11,51.0,36.24,0.79,2.23,1570000.0,37.0896,35.45,35.3601,37.4,
03/03/2021 07:40:12,51.0,36.00,0.55,1.55,1570000.0,37.0896,35.45,35.3601,37.4,
03/03/2021 07:45:09,51.0,36.10,0.65,1.83,1570000.0,37.0896,35.45,35.3601,37.4,
03/03/2021 07:50:09,51.0,36.20,0.75,2.12,1570000.0,37.0896,35.45,35.3601,37.4,
03/03/2021 07:55:09,51.0,36.20,0.75,2.12,1570000.0,37.0896,35.45,35.3601,37.4,
03/03/2021 08:00:12,51.0,36.17,0.72,2.03,1570000.0,37.0896,35.45,35.3601,37.4,
03/03/2021 08:05:10,51.0,36.10,0.65,1.83,1570000.0,37.0896,35.45,35.3601,37.4,
03/03/2021 08:10:11,51.0,36.02,0.57,1.61,1570000.0,37.0896,35.45,35.3601,37.4,
03/03/2021 08:15:10,51.0,36.05,0.60,1.69,1570000.0,37.0896,35.45,35.3601,37.4,
03/03/2021 08:20:10,51.0,36.10,0.65,1.83,1570000.0,37.0896,35.45,35.3601,37.4,
03/03/2021 08:25:10,51.0,35.95,0.50,1.41,1570000.0,37.0896,35.45,35.3601,37.4,
03/03/2021 08:30:10,51.0,35.90,0.45,1.27,1570000.0,37.0896,35.45,35.3601,37.4,
03/03/2021 08:35:08,51.0,35.75,0.30,0.85,1570000.0,37.0896,35.45,35.3601,37.4,
03/03/2021 08:40:09,51.0,35.75,0.30,0.85,1570000.0,37.0896,35.45,35.3601,37.4,
03/03/2021 08:45:10,51.0,35.56,0.11,0.32,1570000.0,37.0896,35.45,35.3601,37.4,
03/03/2021 08:50:09,51.0,35.52,0.07,0.19,1570000.0,37.0896,35.45,35.3601,37.4,
03/03/2021 08:55:11,51.0,35.80,0.35,0.99,1570000.0,37.0896,35.45,35.3601,37.4,
03/03/2021 09:00:11,51.0,35.61,0.16,0.45,1570000.0,37.0896,35.45,35.3601,37.4,
03/03/2021 09:05:11,51.0,35.74,0.29,0.82,1570000.0,37.0896,35.45,35.3601,37.4,
03/03/2021 09:10:10,51.0,35.55,0.10,0.28,1570000.0,37.0896,35.45,35.3601,37.4,
03/03/2021 09:15:11,51.0,35.62,0.17,0.48,1570000.0,37.0896,35.45,35.3601,37.4,
03/03/2021 09:20:10,51.0,35.62,0.17,0.48,1570000.0,37.0896,35.45,35.3601,37.4,
03/03/2021 09:25:10,51.0,35.63,0.18,0.51,1570000.0,37.0896,35.45,35.3601,37.4,
03/03/2021 09:30:10,51.0,35.45,-1.50,-4.06,1570000.0,37.0896,35.45,35.3601,37.4,
03/03/2021 09:35:11,51.0,35.59,0.14,0.41,30.74,35.723,35.45,35.52,36.0,
03/03/2021 09:40:09,51.0,35.40,-0.05,-0.14,41.68,35.723,35.45,35.25,36.0,
03/03/2021 09:45:10,51.0,35.17,-0.28,-0.79,119.49,35.73,35.45,34.7327,36.0,
03/03/2021 09:50:09,51.0,35.38,-0.07,-0.20,121.51,35.73,35.45,34.7327,36.0,
03/03/2021 09:55:12,51.0,35.22,-0.23,-0.65,145.51,35.73,35.45,34.7327,36.0,
03/03/2021 10:00:09,51.0,34.80,-0.65,-1.83,213.09,35.73,35.45,34.2501,36.0,
03/03/2021 10:05:10,51.0,34.85,-0.60,-1.69,236.04,35.73,35.45,34.2501,36.0,
03/03/2021 10:10:11,51.0,35.01,-0.44,-1.24,258.08,35.73,35.45,34.2501,36.0,
03/03/2021 10:15:08,51.0,34.38,-1.07,-3.02,341.33,35.73,35.45,34.25,36.0,
03/03/2021 10:20:15,51.0,34.41,-1.04,-2.93,381.29,35.73,35.45,34.12,36.0,
03/03/2021 10:25:13,51.0,34.94,-0.51,-1.44,408.77,35.73,35.45,34.12,36.0,
03/03/2021 10:30:07,51.0,34.68,-0.77,-2.18,434.14,35.73,35.45,34.12,36.0,
03/03/2021 10:35:11,51.0,34.89,-0.56,-1.57,472.29,35.73,35.45,34.12,36.0,
03/03/2021 10:40:07,51.0,35.05,-0.40,-1.13,504.07,35.73,35.45,34.12,36.0,
03/03/2021 10:45:09,51.0,35.04,-0.41,-1.15,517.92,35.73,35.45,34.12,36.0,
03/03/2021 10:50:10,51.0,35.20,-0.25,-0.72,533.45,35.73,35.45,34.12,36.0,
03/03/2021 10:55:09,51.0,35.04,-0.41,-1.17,543.29,35.73,35.45,34.12,36.0,
03/03/2021 11:00:10,51.0,35.23,-0.22,-0.62,562.34,35.73,35.45,34.12,36.0,
03/03/2021 11:05:11,51.0,35.40,-0.05,-0.14,574.63,35.73,35.45,34.12,36.0,
03/03/2021 11:10:11,51.0,35.39,-0.06,-0.17,586.99,35.73,35.45,34.12,36.0,
03/03/2021 11:15:11,51.0,35.26,-0.19,-0.54,601.12,35.73,35.45,34.12,36.0,
03/03/2021 11:20:13,51.0,35.26,-0.19,-0.54,610.16,35.73,35.45,34.12,36.0,
03/03/2021 11:25:15,51.0,35.51,0.06,0.17,626.27,35.73,35.45,34.12,36.0,
03/03/2021 11:30:14,51.0,35.50,0.05,0.14,633.17,35.73,35.45,34.12,36.0,
03/03/2021 11:35:14,51.0,35.36,-0.09,-0.25,643.01,35.73,35.45,34.12,36.0,
03/03/2021 11:40:12,51.0,35.18,-0.27,-0.76,660.96,35.73,35.45,34.12,36.0,
03/03/2021 11:45:11,51.0,35.07,-0.38,-1.09,664.14,35.73,35.45,34.12,36.0,
03/03/2021 11:50:12,51.0,35.09,-0.36,-1.02,673.05,35.73,35.45,34.12,36.0,
03/03/2021 11:55:10,51.0,35.29,-0.17,-0.47,678.54,35.73,35.45,34.12,36.0,
03/03/2021 12:00:09,51.0,35.09,-0.36,-1.02,686.72,35.73,35.45,34.12,36.0,
03/03/2021 12:05:09,51.0,35.13,-0.32,-0.90,692.3,35.73,35.45,34.12,36.0,
03/03/2021 12:10:14,51.0,35.12,-0.33,-0.93,700.03,35.73,35.45,34.12,36.0,
03/03/2021 12:15:11,51.0,35.01,-0.44,-1.24,716.99,35.73,35.45,34.12,36.0,
03/03/2021 12:20:09,51.0,34.94,-0.51,-1.44,721.79,35.73,35.45,34.12,36.0,
03/03/2021 12:25:11,51.0,34.81,-0.64,-1.81,736.18,35.73,35.45,34.12,36.0,
03/03/2021 12:30:09,51.0,34.82,-0.63,-1.78,749.46,35.73,35.45,34.12,36.0,
03/03/2021 12:35:10,51.0,34.74,-0.71,-2.00,759.61,35.73,35.45,34.12,36.0,
03/03/2021 12:40:10,51.0,34.80,-0.65,-1.82,770.9,35.73,35.45,34.12,36.0,
03/03/2021 12:45:10,51.0,34.98,-0.47,-1.33,785.98,35.73,35.45,34.12,36.0,
03/03/2021 12:50:12,51.0,35.07,-0.38,-1.07,796.99,35.73,35.45,34.12,36.0,
03/03/2021 12:55:10,51.0,34.93,-0.52,-1.47,810.96,35.73,35.45,34.12,36.0,
03/03/2021 13:00:09,51.0,34.84,-0.61,-1.72,820.43,35.73,35.45,34.12,36.0,
03/03/2021 13:05:08,51.0,34.69,-0.76,-2.15,826.92,35.73,35.45,34.12,36.0,
03/03/2021 13:10:10,51.0,34.67,-0.78,-2.20,841.34,35.73,35.45,34.12,36.0,
03/03/2021 13:15:11,51.0,34.73,-0.72,-2.04,847.32,35.73,35.45,34.12,36.0,
03/03/2021 13:20:26,51.0,34.80,-0.65,-1.83,859.18,35.73,35.45,34.12,36.0,
03/03/2021 13:25:12,51.0,34.74,-0.71,-2.00,871.3,35.73,35.45,34.12,36.0,
03/03/2021 13:30:08,51.0,34.90,-0.55,-1.55,879.67,35.73,35.45,34.12,36.0,
03/03/2021 13:35:08,51.0,34.87,-0.58,-1.64,888.89,35.73,35.45,34.12,36.0,
03/03/2021 13:40:08,51.0,34.89,-0.56,-1.58,894.38,35.73,35.45,34.12,36.0,
03/03/2021 13:45:09,51.0,34.82,-0.63,-1.79,901.64,35.73,35.45,34.12,36.0,
03/03/2021 13:50:11,51.0,34.62,-0.83,-2.34,915.69,35.73,35.45,34.12,36.0,
03/03/2021 13:55:08,51.0,34.60,-0.85,-2.40,925.03,35.73,35.45,34.12,36.0,
03/03/2021 14:00:10,51.0,34.60,-0.85,-2.40,937.26,35.73,35.45,34.12,36.0,
03/03/2021 14:05:10,51.0,34.58,-0.87,-2.45,950.38,35.73,35.45,34.12,36.0,
03/03/2021 14:10:08,51.0,34.60,-0.85,-2.40,963.45,35.73,35.45,34.12,36.0,
03/03/2021 14:15:09,51.0,34.55,-0.90,-2.54,982.79,35.73,35.45,34.12,36.0,
03/03/2021 14:20:11,51.0,34.57,-0.88,-2.48,993.03,35.73,35.45,34.12,36.0,
03/03/2021 14:25:09,51.0,34.53,-0.92,-2.60,1010000.0,35.73,35.45,34.12,36.0,
03/03/2021 14:30:10,51.0,34.17,-1.28,-3.61,1030000.0,35.73,35.45,34.12,36.0,
03/03/2021 14:35:10,51.0,34.07,-1.38,-3.90,1050000.0,35.73,35.45,34.05,36.0,
03/03/2021 14:40:10,51.0,33.99,-1.47,-4.13,1120000.0,35.73,35.45,33.69,36.0,
03/03/2021 14:45:08,51.0,34.19,-1.27,-3.57,1160000.0,35.73,35.45,33.69,36.0,
03/03/2021 14:50:12,51.0,33.96,-1.49,-4.20,1200000.0,35.73,35.45,33.69,36.0,
03/03/2021 14:55:09,51.0,34.12,-1.33,-3.75,1330000.0,35.73,35.45,33.69,36.0,
03/03/2021 15:00:11,51.0,34.31,-1.14,-3.22,1370000.0,35.73,35.45,33.69,36.0,
03/03/2021 15:05:10,51.0,34.36,-1.09,-3.08,1390000.0,35.73,35.45,33.69,36.0,
03/03/2021 15:10:09,51.0,34.44,-1.01,-2.85,1420000.0,35.73,35.45,33.69,36.0,
03/03/2021 15:15:10,51.0,34.55,-0.90,-2.54,1430000.0,35.73,35.45,33.69,36.0,
03/03/2021 15:20:10,51.0,34.45,-1.00,-2.82,1460000.0,35.73,35.45,33.69,36.0,
03/03/2021 15:25:09,51.0,34.44,-1.01,-2.85,1470000.0,35.73,35.45,33.69,36.0,
03/03/2021 15:30:12,51.0,34.44,-1.01,-2.85,1490000.0,35.73,35.45,33.69,36.0,
03/03/2021 15:35:10,51.0,34.35,-1.10,-3.10,1500000.0,35.73,35.45,33.69,36.0,
03/03/2021 15:40:08,51.0,34.25,-1.20,-3.39,1520000.0,35.73,35.45,33.69,36.0,
03/03/2021 15:45:12,51.0,34.42,-1.03,-2.91,1540000.0,35.73,35.45,33.69,36.0,
03/03/2021 15:50:09,51.0,34.50,-0.95,-2.68,1560000.0,35.73,35.45,33.69,36.0,
03/03/2021 15:55:10,51.0,34.40,-1.05,-2.96,1590000.0,35.73,35.45,33.69,36.0,
03/03/2021 16:05:10,51.0,34.55,0.14,0.42,1690000.0,35.73,34.41,33.69,36.0,
03/03/2021 16:10:09,51.0,34.60,0.19,0.55,1720000.0,35.73,34.41,33.69,36.0,
03/03/2021 16:15:12,51.0,34.48,0.07,0.20,1700000.0,35.73,34.41,33.69,36.0,
03/03/2021 16:20:10,51.0,34.60,0.19,0.55,1700000.0,35.73,34.41,33.69,36.0,
03/03/2021 16:25:09,51.0,34.42,0.01,0.03,1700000.0,35.73,34.41,33.69,36.0,
03/03/2021 16:30:10,51.0,34.61,0.20,0.58,1710000.0,35.73,34.41,33.69,36.0,
03/03/2021 16:35:12,51.0,34.45,0.04,0.12,1710000.0,35.73,34.41,33.69,36.0,
03/03/2021 16:40:10,51.0,34.45,0.04,0.12,1710000.0,35.73,34.41,33.69,36.0,
03/03/2021 16:45:10,51.0,34.41,0.00,0.00,1710000.0,35.73,34.41,33.69,36.0,
03/03/2021 16:50:09,51.0,34.43,0.02,0.06,1710000.0,35.73,34.41,33.69,36.0,
03/03/2021 16:55:10,51.0,34.45,0.04,0.12,1710000.0,35.73,34.41,33.69,36.0,
03/03/2021 17:00:08,51.0,34.60,0.19,0.55,1710000.0,35.73,34.41,33.69,36.0,
03/03/2021 17:05:09,51.0,34.45,0.04,0.12,1710000.0,35.73,34.41,33.69,36.0,
03/03/2021 17:10:08,51.0,34.45,0.04,0.12,1710000.0,35.73,34.41,33.69,36.0,
03/03/2021 17:15:09,51.0,34.41,0.00,0.00,1710000.0,35.73,34.41,33.69,36.0,
03/03/2021 17:20:11,51.0,34.41,0.00,0.00,1710000.0,35.73,34.41,33.69,36.0,
03/03/2021 17:25:12,51.0,34.41,0.00,0.00,1710000.0,35.73,34.41,33.69,36.0,
03/03/2021 17:30:08,51.0,34.41,0.00,0.00,1710000.0,35.73,34.41,33.69,36.0,
03/03/2021 17:35:12,51.0,34.50,0.09,0.26,1710000.0,35.73,34.41,33.69,36.0,
03/03/2021 17:40:09,51.0,34.50,0.09,0.26,1710000.0,35.73,34.41,33.69,36.0,
03/03/2021 17:45:13,51.0,34.50,0.09,0.26,1710000.0,35.73,34.41,33.69,36.0,
03/03/2021 17:50:09,51.0,34.41,0.00,0.00,1710000.0,35.73,34.41,33.69,36.0,
03/03/2021 17:55:09,51.0,34.17,-0.24,-0.70,1710000.0,35.73,34.41,33.69,36.0,
03/03/2021 18:00:11,51.0,34.50,0.09,0.26,1720000.0,35.73,34.41,33.69,36.0,
03/03/2021 18:05:10,51.0,34.45,0.04,0.12,1720000.0,35.73,34.41,33.69,36.0,
03/03/2021 18:10:09,51.0,34.45,0.04,0.12,1720000.0,35.73,34.41,33.69,36.0,
03/03/2021 18:15:11,51.0,34.45,0.04,0.12,1720000.0,35.73,34.41,33.69,36.0,
03/03/2021 18:20:08,51.0,34.50,0.09,0.26,1720000.0,35.73,34.41,33.69,36.0,
03/03/2021 18:25:10,51.0,34.50,0.09,0.26,1720000.0,35.73,34.41,33.69,36.0,
03/03/2021 18:30:10,51.0,34.50,0.09,0.26,1720000.0,35.73,34.41,33.69,36.0,
03/03/2021 18:35:09,51.0,34.39,-0.02,-0.06,1720000.0,35.73,34.41,33.69,36.0,
03/03/2021 18:40:08,51.0,34.25,-0.16,-0.46,1720000.0,35.73,34.41,33.69,36.0,
03/03/2021 18:45:11,51.0,34.25,-0.16,-0.46,1720000.0,35.73,34.41,33.69,36.0,
03/03/2021 18:50:08,51.0,34.11,-0.30,-0.87,1720000.0,35.73,34.41,33.69,36.0,
03/03/2021 18:55:09,51.0,34.05,-0.36,-1.05,1720000.0,35.73,34.41,33.69,36.0,
03/03/2021 19:00:11,51.0,34.03,-0.38,-1.10,1720000.0,35.73,34.41,33.69,36.0,
03/03/2021 19:05:10,51.0,34.10,-0.31,-0.90,1720000.0,35.73,34.41,33.69,36.0,
03/03/2021 19:10:10,51.0,34.10,-0.31,-0.90,1720000.0,35.73,34.41,33.69,36.0,
03/03/2021 19:15:07,51.0,34.30,-0.11,-0.32,1720000.0,35.73,34.41,33.69,36.0,
03/03/2021 19:20:11,51.0,34.29,-0.12,-0.35,1720000.0,35.73,34.41,33.69,36.0,
03/03/2021 19:25:12,51.0,34.27,-0.14,-0.41,1720000.0,35.73,34.41,33.69,36.0,
03/03/2021 19:30:09,51.0,34.27,-0.14,-0.41,1720000.0,35.73,34.41,33.69,36.0,
03/03/2021 19:35:10,51.0,34.00,-0.41,-1.19,1720000.0,35.73,34.41,33.69,36.0,
03/03/2021 19:40:09,51.0,34.35,-0.06,-0.17,1720000.0,35.73,34.41,33.69,36.0,
03/03/2021 19:45:07,51.0,34.39,-0.02,-0.06,1720000.0,35.73,34.41,33.69,36.0,
03/03/2021 19:55:11,51.0,34.15,-0.26,-0.76,1720000.0,35.73,34.41,33.69,36.0,
03/03/2021 20:00:10,51.0,34.39,-0.02,-0.06,1720000.0,35.73,34.41,33.69,36.0,
03/03/2021 20:05:11,51.0,34.39,-0.02,-0.06,1720000.0,35.73,34.41,33.69,36.0,
03/03/2021 20:10:15,51.0,34.39,-0.02,-0.06,1720000.0,35.73,34.41,33.69,36.0,
03/03/2021 20:15:21,51.0,34.39,-0.02,-0.06,1730000.0,35.73,34.41,33.69,36.0,
03/03/2021 20:20:13,51.0,34.39,-0.02,-0.06,1730000.0,35.73,34.41,33.69,36.0,
03/03/2021 20:26:36,51.0,34.39,-0.02,-0.06,1730000.0,35.73,34.41,33.69,36.0,
03/03/2021 20:30:36,51.0,34.39,-0.02,-0.06,1730000.0,35.73,34.41,33.69,36.0,
03/03/2021 20:35:21,51.0,34.39,-0.02,-0.06,1730000.0,35.73,34.41,33.69,36.0,
03/03/2021 20:40:59,51.0,34.39,-0.02,-0.06,1730000.0,35.73,34.41,33.69,36.0,
03/03/2021 20:45:19,51.0,34.39,-0.02,-0.06,1730000.0,35.73,34.41,33.69,36.0,
03/03/2021 20:50:25,51.0,34.39,-0.02,-0.06,1730000.0,35.73,34.41,33.69,36.0,
03/03/2021 20:56:09,51.0,34.39,-0.02,-0.06,1730000.0,35.73,34.41,33.69,36.0,
03/03/2021 21:00:19,51.0,34.39,-0.02,-0.06,1730000.0,35.73,34.41,33.69,36.0,
03/03/2021 21:05:16,51.0,34.39,-0.02,-0.06,1730000.0,35.73,34.41,33.69,36.0,
03/03/2021 21:10:20,51.0,34.39,-0.02,-0.06,1730000.0,35.73,34.41,33.69,36.0,
03/03/2021 21:15:08,51.0,34.39,-0.02,-0.06,1730000.0,35.73,34.41,33.69,36.0,
03/03/2021 21:20:24,51.0,34.39,-0.02,-0.06,1730000.0,35.73,34.41,33.69,36.0,
03/03/2021 21:25:17,51.0,34.39,-0.02,-0.06,1730000.0,35.73,34.41,33.69,36.0,
03/03/2021 21:30:09,51.0,34.39,-0.02,-0.06,1730000.0,35.73,34.41,33.69,36.0,
03/03/2021 21:35:10,51.0,34.39,-0.02,-0.06,1730000.0,35.73,34.41,33.69,36.0,
03/03/2021 21:40:08,51.0,34.39,-0.02,-0.06,1730000.0,35.73,34.41,33.69,36.0,
03/03/2021 21:45:10,51.0,34.39,-0.02,-0.06,1730000.0,35.73,34.41,33.69,36.0,
03/03/2021 21:50:08,51.0,34.39,-0.02,-0.06,1730000.0,35.73,34.41,33.69,36.0,
03/03/2021 21:55:09,51.0,34.39,-0.02,-0.06,1730000.0,35.73,34.41,33.69,36.0,
03/03/2021 22:00:10,51.0,34.39,-0.02,-0.06,1730000.0,35.73,34.41,33.69,36.0,
03/03/2021 22:05:08,51.0,34.39,-0.02,-0.06,1730000.0,35.73,34.41,33.69,36.0,
03/03/2021 22:10:09,51.0,34.39,-0.02,-0.06,1730000.0,35.73,34.41,33.69,36.0,
03/03/2021 22:15:09,51.0,34.39,-0.02,-0.06,1730000.0,35.73,34.41,33.69,36.0,
03/03/2021 22:20:11,51.0,34.39,-0.02,-0.06,1730000.0,35.73,34.41,33.69,36.0,
03/03/2021 22:25:11,51.0,34.39,-0.02,-0.06,1730000.0,35.73,34.41,33.69,36.0,
03/03/2021 22:30:09,51.0,34.39,-0.02,-0.06,1730000.0,35.73,34.41,33.69,36.0,
03/03/2021 22:35:10,51.0,34.39,-0.02,-0.06,1730000.0,35.73,34.41,33.69,36.0,
03/03/2021 22:40:08,51.0,34.39,-0.02,-0.06,1730000.0,35.73,34.41,33.69,36.0,
03/03/2021 22:45:12,51.0,34.39,-0.02,-0.06,1730000.0,35.73,34.41,33.69,36.0,
03/03/2021 22:50:11,51.0,34.39,-0.02,-0.06,1730000.0,35.73,34.41,33.69,36.0,
03/03/2021 22:55:11,51.0,34.39,-0.02,-0.06,1730000.0,35.73,34.41,33.69,36.0,
03/03/2021 23:00:11,51.0,34.39,-0.02,-0.06,1730000.0,35.73,34.41,33.69,36.0,
03/03/2021 23:05:08,51.0,34.39,-0.02,-0.06,1730000.0,35.73,34.41,33.69,36.0,
03/03/2021 23:10:09,51.0,34.39,-0.02,-0.06,1730000.0,35.73,34.41,33.69,36.0,
03/03/2021 23:15:09,51.0,34.39,-0.02,-0.06,1730000.0,35.73,34.41,33.69,36.0,
03/03/2021 23:20:10,51.0,34.39,-0.02,-0.06,1730000.0,35.73,34.41,33.69,36.0,
03/03/2021 23:25:09,51.0,34.39,-0.02,-0.06,1730000.0,35.73,34.41,33.69,36.0,
03/03/2021 23:30:11,51.0,34.39,-0.02,-0.06,1730000.0,35.73,34.41,33.69,36.0,
03/03/2021 23:35:12,51.0,34.39,-0.02,-0.06,1730000.0,35.73,34.41,33.69,36.0,
03/03/2021 23:40:08,51.0,34.39,-0.02,-0.06,1730000.0,35.73,34.41,33.69,36.0,
03/03/2021 23:45:09,51.0,34.39,-0.02,-0.06,1730000.0,35.73,34.41,33.69,36.0,
03/03/2021 23:50:14,51.0,34.39,-0.02,-0.06,1730000.0,35.73,34.41,33.69,36.0,
03/03/2021 23:55:11,51.0,34.39,-0.02,-0.06,1730000.0,35.73,34.41,33.69,36.0,
04/03/2021 00:00:08,51.0,34.39,-0.02,-0.06,1730000.0,35.73,34.41,33.69,36.0,
04/03/2021 00:05:09,51.0,34.39,-0.02,-0.06,1730000.0,35.73,34.41,33.69,36.0,
04/03/2021 00:10:19,51.0,34.39,-0.02,-0.06,1730000.0,35.73,34.41,33.69,36.0,
04/03/2021 00:15:24,51.0,34.39,-0.02,-0.06,1730000.0,35.73,34.41,33.69,36.0,
04/03/2021 00:20:23,51.0,34.39,-0.02,-0.06,1730000.0,35.73,34.41,33.69,36.0,
04/03/2021 00:25:18,51.0,34.39,-0.02,-0.06,1730000.0,35.73,34.41,33.69,36.0,
04/03/2021 00:30:14,51.0,34.39,-0.02,-0.06,1730000.0,35.73,34.41,33.69,36.0,
04/03/2021 00:35:09,51.0,34.39,-0.02,-0.06,1730000.0,35.73,34.41,33.69,36.0,
04/03/2021 00:40:10,51.0,34.39,-0.02,-0.06,1730000.0,35.73,34.41,33.69,36.0,
04/03/2021 00:45:14,51.0,34.39,-0.02,-0.06,1730000.0,35.73,34.41,33.69,36.0,
04/03/2021 00:50:17,51.0,34.39,-0.02,-0.06,1730000.0,35.73,34.41,33.69,36.0,
04/03/2021 00:55:18,51.0,34.39,-0.02,-0.06,1730000.0,35.73,34.41,33.69,36.0,
04/03/2021 01:00:11,51.0,34.39,-0.02,-0.06,1730000.0,35.73,34.41,33.69,36.0,
04/03/2021 01:05:14,51.0,34.39,-0.02,-0.06,1730000.0,35.73,34.41,33.69,36.0,
04/03/2021 01:10:08,51.0,34.39,-0.02,-0.06,1730000.0,35.73,34.41,33.69,36.0,
04/03/2021 01:15:13,51.0,34.39,-0.02,-0.06,1730000.0,35.73,34.41,33.69,36.0,
04/03/2021 01:21:07,51.0,34.39,-0.02,-0.06,1730000.0,35.73,34.41,33.69,36.0,
04/03/2021 01:25:24,51.0,34.39,-0.02,-0.06,1730000.0,35.73,34.41,33.69,36.0,
04/03/2021 01:30:23,51.0,34.39,-0.02,-0.06,1730000.0,35.73,34.41,33.69,36.0,
04/03/2021 01:35:10,51.0,34.39,-0.02,-0.06,1730000.0,35.73,34.41,33.69,36.0,
04/03/2021 01:40:11,51.0,34.39,-0.02,-0.06,1730000.0,35.73,34.41,33.69,36.0,
04/03/2021 01:45:10,51.0,34.39,-0.02,-0.06,1730000.0,35.73,34.41,33.69,36.0,
04/03/2021 01:50:09,51.0,34.39,-0.02,-0.06,1730000.0,35.73,34.41,33.69,36.0,
04/03/2021 01:55:13,51.0,34.39,-0.02,-0.06,1730000.0,35.73,34.41,33.69,36.0,
04/03/2021 02:00:16,51.0,34.39,-0.02,-0.06,1730000.0,35.73,34.41,33.69,36.0,
04/03/2021 02:05:14,51.0,34.39,-0.02,-0.06,1730000.0,35.73,34.41,33.69,36.0,
04/03/2021 02:10:09,51.0,34.39,-0.02,-0.06,1730000.0,35.73,34.41,33.69,36.0,
04/03/2021 02:15:10,51.0,34.39,-0.02,-0.06,1730000.0,35.73,34.41,33.69,36.0,
04/03/2021 02:20:12,51.0,34.39,-0.02,-0.06,1730000.0,35.73,34.41,33.69,36.0,
04/03/2021 02:25:10,51.0,34.39,-0.02,-0.06,1730000.0,35.73,34.41,33.69,36.0,
04/03/2021 02:30:09,51.0,34.39,-0.02,-0.06,1730000.0,35.73,34.41,33.69,36.0,
04/03/2021 02:35:09,51.0,34.39,-0.02,-0.06,1730000.0,35.73,34.41,33.69,36.0,
04/03/2021 02:40:10,51.0,34.39,-0.02,-0.06,1730000.0,35.73,34.41,33.69,36.0,
04/03/2021 02:45:10,51.0,34.39,-0.02,-0.06,1730000.0,35.73,34.41,33.69,36.0,
04/03/2021 02:50:10,51.0,34.39,-0.02,-0.06,1730000.0,35.73,34.41,33.69,36.0,
04/03/2021 02:55:10,51.0,34.39,-0.02,-0.06,1730000.0,35.73,34.41,33.69,36.0,
04/03/2021 03:00:12,51.0,34.39,-0.02,-0.06,1730000.0,35.73,34.41,33.69,36.0,
04/03/2021 03:05:08,51.0,34.39,-0.02,-0.06,1730000.0,35.73,34.41,33.69,36.0,
04/03/2021 03:10:07,51.0,34.39,-0.02,-0.06,1730000.0,35.73,34.41,33.69,36.0,
04/03/2021 03:15:11,51.0,34.39,-0.02,-0.06,1730000.0,35.73,34.41,33.69,36.0,
04/03/2021 03:20:10,51.0,34.39,-0.02,-0.06,1730000.0,35.73,34.41,33.69,36.0,
04/03/2021 03:25:10,51.0,34.39,-0.02,-0.06,1730000.0,35.73,34.41,33.69,36.0,
04/03/2021 03:30:10,51.0,34.39,-0.02,-0.06,1730000.0,35.73,34.41,33.69,36.0,
04/03/2021 03:35:09,51.0,34.39,-0.02,-0.06,1730000.0,35.73,34.41,33.69,36.0,
04/03/2021 03:40:09,51.0,34.39,-0.02,-0.06,1730000.0,35.73,34.41,33.69,36.0,
04/03/2021 03:45:11,51.0,34.39,-0.02,-0.06,1730000.0,35.73,34.41,33.69,36.0,
04/03/2021 03:50:12,51.0,34.39,-0.02,-0.06,1730000.0,35.73,34.41,33.69,36.0,
04/03/2021 03:55:12,51.0,34.39,-0.02,-0.06,1730000.0,35.73,34.41,33.69,36.0,
04/03/2021 04:00:13,51.0,34.39,-0.02,-0.06,1730000.0,35.73,34.41,33.69,36.0,
04/03/2021 04:05:08,52.0,34.39,-0.02,-0.06,1730000.0,35.73,34.41,33.69,36.0,
04/03/2021 04:10:12,52.0,34.39,-0.02,-0.06,1730000.0,35.73,34.41,33.69,36.0,
04/03/2021 04:15:09,52.0,34.41,0.00,0.00,1730000.0,35.73,34.41,33.69,36.0,
04/03/2021 04:20:09,52.0,34.39,-0.02,-0.06,1730000.0,35.73,34.41,33.69,36.0,
04/03/2021 04:25:11,52.0,34.39,-0.02,-0.06,1730000.0,35.73,34.41,33.69,36.0,
04/03/2021 04:30:07,52.0,34.24,-0.17,-0.49,1730000.0,35.73,34.41,33.69,36.0,
04/03/2021 04:35:08,52.0,34.00,-0.41,-1.19,1730000.0,35.73,34.41,33.69,36.0,
04/03/2021 04:40:10,52.0,33.77,-0.64,-1.86,1730000.0,35.73,34.41,33.69,36.0,
04/03/2021 04:45:10,52.0,33.77,-0.64,-1.86,1730000.0,35.73,34.41,33.69,36.0,
04/03/2021 04:50:11,52.0,33.69,-0.72,-2.09,1730000.0,35.73,34.41,33.69,36.0,
04/03/2021 04:55:10,52.0,33.55,-0.86,-2.50,1730000.0,35.73,34.41,33.69,36.0,
04/03/2021 05:00:09,52.0,33.80,-0.61,-1.77,1730000.0,35.73,34.41,33.69,36.0,
04/03/2021 05:05:07,52.0,33.65,-0.76,-2.21,1730000.0,35.73,34.41,33.69,36.0,
04/03/2021 05:10:08,52.0,33.50,-0.91,-2.64,1730000.0,35.73,34.41,33.69,36.0,
04/03/2021 05:15:08,52.0,33.42,-0.99,-2.88,1730000.0,35.73,34.41,33.69,36.0,
04/03/2021 05:20:09,52.0,33.30,-1.11,-3.23,1730000.0,35.73,34.41,33.69,36.0,
04/03/2021 05:25:09,52.0,33.21,-1.20,-3.49,1730000.0,35.73,34.41,33.69,36.0,
04/03/2021 05:30:13,52.0,33.21,-1.20,-3.49,1730000.0,35.73,34.41,33.69,36.0,
04/03/2021 05:35:12,52.0,33.21,-1.20,-3.49,1730000.0,35.73,34.41,33.69,36.0,
04/03/2021 05:40:10,52.0,33.24,-1.17,-3.40,1730000.0,35.73,34.41,33.69,36.0,
04/03/2021 05:45:13,52.0,33.21,-1.20,-3.49,1730000.0,35.73,34.41,33.69,36.0,
04/03/2021 05:50:09,52.0,33.20,-1.21,-3.52,1730000.0,35.73,34.41,33.69,36.0,
04/03/2021 05:55:10,52.0,33.24,-1.17,-3.40,1730000.0,35.73,34.41,33.69,36.0,
04/03/2021 06:00:14,52.0,33.24,-1.17,-3.40,1730000.0,35.73,34.41,33.69,36.0,
04/03/2021 06:05:09,52.0,33.15,-1.26,-3.66,1730000.0,35.73,34.41,33.69,36.0,
04/03/2021 06:10:08,52.0,33.15,-1.26,-3.66,1730000.0,35.73,34.41,33.69,36.0,
04/03/2021 06:15:10,52.0,33.20,-1.21,-3.52,1730000.0,35.73,34.41,33.69,36.0,
04/03/2021 06:20:09,52.0,33.42,-0.99,-2.88,1730000.0,35.73,34.41,33.69,36.0,
04/03/2021 06:25:11,52.0,33.42,-0.99,-2.88,1730000.0,35.73,34.41,33.69,36.0,
04/03/2021 06:30:10,52.0,33.55,-0.86,-2.50,1730000.0,35.73,34.41,33.69,36.0,
04/03/2021 06:35:11,52.0,33.16,-1.25,-3.63,1730000.0,35.73,34.41,33.69,36.0,
04/03/2021 06:40:08,52.0,33.52,-0.89,-2.59,1730000.0,35.73,34.41,33.69,36.0,
04/03/2021 06:45:09,52.0,33.20,-1.21,-3.52,1730000.0,35.73,34.41,33.69,36.0,
04/03/2021 06:50:10,52.0,33.20,-1.21,-3.52,1730000.0,35.73,34.41,33.69,36.0,
04/03/2021 06:55:08,52.0,33.55,-0.86,-2.50,1730000.0,35.73,34.41,33.69,36.0,
04/03/2021 07:00:16,52.0,33.93,-0.48,-1.39,1730000.0,35.73,34.41,33.69,36.0,
04/03/2021 07:05:12,52.0,33.93,-0.48,-1.39,1730000.0,35.73,34.41,33.69,36.0,
04/03/2021 07:10:10,52.0,33.93,-0.48,-1.39,1730000.0,35.73,34.41,33.69,36.0,
04/03/2021 07:15:09,52.0,33.93,-0.48,-1.39,1730000.0,35.73,34.41,33.69,36.0,
04/03/2021 07:20:11,52.0,33.79,-0.62,-1.80,1730000.0,35.73,34.41,33.69,36.0,
04/03/2021 07:25:09,52.0,33.93,-0.48,-1.39,1730000.0,35.73,34.41,33.69,36.0,
04/03/2021 07:30:12,52.0,33.96,-0.45,-1.31,1730000.0,35.73,34.41,33.69,36.0,
04/03/2021 07:35:10,52.0,33.96,-0.45,-1.31,1730000.0,35.73,34.41,33.69,36.0,
04/03/2021 07:40:09,52.0,33.95,-0.46,-1.34,1730000.0,35.73,34.41,33.69,36.0,
04/03/2021 07:45:10,52.0,33.95,-0.46,-1.34,1730000.0,35.73,34.41,33.69,36.0,
04/03/2021 07:50:10,52.0,33.95,-0.45,-1.34,1730000.0,35.73,34.41,33.69,36.0,
04/03/2021 07:55:12,52.0,33.75,-0.66,-1.92,1730000.0,35.73,34.41,33.69,36.0,
04/03/2021 08:00:12,52.0,33.80,-0.61,-1.77,1730000.0,35.73,34.41,33.69,36.0,
04/03/2021 08:05:13,52.0,33.90,-0.51,-1.48,1730000.0,35.73,34.41,33.69,36.0,
04/03/2021 08:10:09,52.0,33.75,-0.66,-1.91,1730000.0,35.73,34.41,33.69,36.0,
04/03/2021 08:15:14,52.0,33.80,-0.61,-1.77,1730000.0,35.73,34.41,33.69,36.0,
04/03/2021 08:20:11,52.0,33.85,-0.56,-1.63,1730000.0,35.73,34.41,33.69,36.0,
04/03/2021 08:25:10,52.0,33.90,-0.51,-1.48,1730000.0,35.73,34.41,33.69,36.0,
04/03/2021 08:30:11,52.0,33.93,-0.48,-1.39,1730000.0,35.73,34.41,33.69,36.0,
04/03/2021 08:35:10,52.0,33.80,-0.61,-1.77,1730000.0,35.73,34.41,33.69,36.0,
04/03/2021 08:40:10,52.0,34.41,0.00,0.00,1730000.0,35.73,34.41,33.69,36.0,
04/03/2021 08:45:10,52.0,35.30,0.89,2.59,1730000.0,35.73,34.41,33.69,36.0,
04/03/2021 08:50:10,52.0,34.73,0.32,0.93,1730000.0,35.73,34.41,33.69,36.0,
04/03/2021 08:55:11,52.0,34.25,-0.16,-0.46,1730000.0,35.73,34.41,33.69,36.0,
